title,game_id,name_jp,name_kana,name_ro,name_tcn,name_scn,name_hkjc,name_kr,epithet,image_main,image_race,image_proto,image_stage,nicknames,birthday,class,dorm,roommate,height,threesizes,shoesize,weight,calls_self,calls_trainer,seiyuu,icon,color_main,color_sub,irl_page,emoji,partydash_page,1,media
Admire_Groove,1118,ã‚¢ãƒ‰ãƒã‚¤ãƒ¤ã‚°ãƒ«ãƒ¼ãƒ´,,,æ„›æ…•å¾‹å‹•,,,,,Admire Groove (Main).png,Admire Groove (Race).png,,,,2021-04-30,,,,165,B88 W57 H84,,A stunning finish,,,,Admire Groove (Icon).png,344d99,5cbac8,IRL:Admire Groove,,,,
Admire_Vega,1033,ã‚¢ãƒ‰ãƒã‚¤ãƒ¤ãƒ™ã‚¬,,Adomaiya Bega,æ„›æ…•ç¹”å§¬,,,,The Glittering Brightest Star,Admire Vega (Main).png,Admire Vega (Race).png,Admire Vega (Proto).png,Admire Vega (Stage).png,ã‚¢ãƒ¤ãƒ™ (Ayabe),1996-03-12,High School,Ritto,Curren Chan,157,B85 W57 H82,23cm,No change,ç§ (Watashi),ãƒˆãƒ¬ãƒ¼ãƒŠãƒ¼ (Trainer),[[Hitomi Sasaki]],Admire Vega (Icon).png,3865A1,78D5E1,IRL:Admire Vega,,,,
Agnes_Digital,1019,ã‚¢ã‚°ãƒã‚¹ãƒ‡ã‚¸ã‚¿ãƒ«,,Agunesu Dejitaru,æ„›éº—æ•¸ç¢¼,,,,Almighty Otaku,Agnes Digital (Main).png,Agnes Digital (Race).png,Agnes Digital (Proto).png,Agnes Digital (Stage).png,Digital (ãƒ‡ã‚¸ã‚¿ãƒ«),1997-05-15,Middle School,Ritto,Agnes Tachyon,143,B74 W51 H75,21.5cm,No change,ãƒ‡ã‚¸ãŸã‚“ (Digi-tan),ãƒˆãƒ¬ãƒ¼ãƒŠãƒ¼ã•ã‚“ (Trainer-san),[[Minori Suzuki]],Agnes Digital (Icon).png,F37F96,F9F189,IRL:Agnes Digital,ğŸ€,,,
Agnes_Tachyon,1032,ã‚¢ã‚°ãƒã‚¹ã‚¿ã‚­ã‚ªãƒ³,,agunesu takion,æ„›éº—é€Ÿå­,,,,Princess of Superluminal Speed,Agnes Tachyon (Main).png,Agnes Tachyon (Race).png,Agnes Tachyon (Proto).png,Agnes Tachyon (Stage).png,Tachyon<br>,1998-04-13,High School,Ritto,Agnes Digital,159,B83 W55 H81,22.5cm,Refused measurement,ç§ (Watashi),ãƒ¢ãƒ«ãƒ¢ãƒƒãƒˆ (Guinea Pig),[[Sumire Uesaka]],Agnes Tachyon (Icon).png,35B2B6,E2E868,IRL:Agnes Tachyon,ğŸ¥¼,Party Dash:Agnes Tachyon,,
Air_Groove,1018,ã‚¨ã‚¢ã‚°ãƒ«ãƒ¼ãƒ´,,ea guruuvu,æ°£æ§½,,,,Empress,Air Groove (Main).png,Air Groove (Race).png,Air Groove (Proto).png,Air Groove (Stage).png,ãŠæ¯ã•ã‚“ (ãƒ†ã‚¤ã‚ªãƒ¼) (Onee-chan (Teio)),1993-04-06,High School,Ritto,Fine Motion,165,B90 W57 H86,24.5cm,Amazing form,ç§ (Watashi),ãƒˆãƒ¬ãƒ¼ãƒŠãƒ¼ (Trainer),[[Ruriko Aoki]],Air Groove (Icon).png,0092CB,FAE053,IRL:Air Groove,,Party Dash:Air Groove,,
Air_Messiah,1111,ã‚¨ã‚¢ãƒ¡ã‚µã‚¤ã‚¢,,Ea Mesaia,ç©ºä¸­æ•‘ä¸–ä¸»,,,,,Air Messiah (Main).png,Air Messiah (Race).png,,Air Messiah (Stage).png,,2021-02-04,,Ritto,Vivlos,162,B83 W56 H81,,,,,[[Yuna Nemoto]],Air Messiah (Icon).png,2c2f9d,fffd8c,IRL:Air Messiah,ğŸ‘“,,,
Air_Shakur,1036,ã‚¨ã‚¢ã‚·ãƒ£ã‚«ãƒ¼ãƒ«,,,ç©ºä¸­ç¥å®®,,,,A Genius Beyond the Wall,Air Shakur (Main).png,Air Shakur (Race).png,Air Shakur (Proto).png,Air Shakur (Stage).png,"ã‚·ãƒ£ã‚«ãƒ¼ãƒ« (Shakur)<br>ã‚·ãƒ£ã‚« (Shaka)<br> ã—ã‚ƒï½ãŸã‚“ (Shatan, by Daitaku Helios)",1997-02-26,High School,Ritto,Meisho Doto,168,B77 W56 H85,"L26cm, R25.5cm",Unmeasurable,ã‚ªãƒ¬ (Ore),"ãŠå‰, ã¦ã‚ã‚§, ã‚¢ãƒ³ã‚¿ (Omae, Temee, Anta)",[[Minami Tsuda]],Air Shakur (Icon).png,2459B4,E1E000,IRL:Air Shakur,ğŸ’»,,,
Almond_Eye,1129,ã‚¢ãƒ¼ãƒ¢ãƒ³ãƒ‰ã‚¢ã‚¤,,Aamondo Ai,æç›®,,,,,Almond Eye (Main).png,Almond Eye (Race).png,,,,2021-03-10,,,,163,B86 W57 H81,,,,,[[Kaori Ishihara]],Almond Eye (Icon).png,69a9e9,cc3300,IRL:Almond Eye,ğŸ‘€,,,
Aston_Machan,1087,ã‚¢ã‚¹ãƒˆãƒ³ãƒãƒ¼ãƒãƒ£ãƒ³,,Asuton Maachan,å¥§æ–¯é “çœŸå¼“,çœŸå¼“å¿«è½¦,çœŸå¼“å¿«è»Š,ì• ìŠ¤í„´ ë§ˆì§±,Immortal Machan,Aston Machan (Main).png,Aston Machan (Race).png,Aston Machan (Proto).png,Aston Machan (Stage).png,ãƒãƒ¼ã¡ã‚ƒã‚“ (Machan),2004-03-05,Middle School,Ritto,North Flight,152,B86 W55 H80,22cm,Zero Carrots,ãƒãƒ¼ã¡ã‚ƒã‚“ (Machan),ãƒˆãƒ¬ãƒ¼ãƒŠãƒ¼ã•ã‚“ (Trainer-san),[[Honoka Inoue]],Aston Machan (Icon).png,CF4436,E1DCCB,IRL:Aston Machan,ğŸ§¸,Party Dash:Aston Machan,,
Bamboo_Memory,1053,ãƒãƒ³ãƒ–ãƒ¼ãƒ¡ãƒ¢ãƒªãƒ¼,,banbuu memorii,é’ç«¹å›æ†¶,,,,Embodiment of Dreams,Bamboo Memory (Main).png,Bamboo Memory (Race).png,Bamboo Memory (Proto).png,Bamboo Memory (Stage).png,,1985-05-14,High School,Ritto,Gold City,157,B77 W57 H81,"L22.5cm, R23cm",No change,ã‚ãŸã— (Atashi),ãƒˆãƒ¬ãƒ¼ãƒŠãƒ¼ã•ã‚“ (Trainer-san),[[Kotomi Aihara]],Bamboo Memory (Icon).png,366965,2D2926,IRL:Bamboo Memory,,,,
Believe,1095,ãƒ“ãƒªãƒ¼ãƒ´,,Biriibu,ä¿¡å¿µ,,,,,Believe (Main).png,Believe (Race).png,,Believe (Stage).png,,2021-04-26,,,,156,B72 W54 H77,,,,,[[Misaki Akiyama]],Believe (Icon).png,4baece,c63663,IRL:Believe,,,,
Biko_Pegasus,1054,ãƒ“ã‚³ãƒ¼ãƒšã‚¬ã‚µã‚¹,,bikou pegasasu,å¾®å…‰é£›é§’,,å¿…é«˜å¿«é¦¬,,Justice Biko,Biko Pegasus (Main).png,Biko Pegasus (Race).png,Biko Pegasus (Proto).png,Biko Pegasus (Stage).png,ãƒ“ã‚³ãƒ¼ (Biko),1991-02-08,Middle School,Ritto,Hishi Akebono,144,B72 W54 H75,19.5cm,Slight increase (I've been eating lots and getting bigger!),ã‚¢ã‚¿ã‚· (Atashi),ãƒˆãƒ¬ãƒ¼ãƒŠãƒ¼ (Trainer),[[Aimi Tanaka]],Biko Pegasus (Icon).png,E7396F,D162B8,IRL:Biko Pegasus,ğŸ¦¸,,,
Biwa_Hayahide,1023,ãƒ“ãƒ¯ãƒãƒ¤ãƒ’ãƒ‡,,biwa hayahide,çµç¶æ™¨å…‰,,,,Victory Investigator,Biwa Hayahide (Main).png,Biwa Hayahide (Race).png,Biwa Hayahide (Proto).png,Biwa Hayahide (Stage).png,ãƒãƒ¤ãƒ’ãƒ‡ (Hayahide)<br>å§‰è²´ï¼ˆãƒ–ãƒ©ã‚¤ã‚¢ãƒ³ï¼‰ (Aneki (Brian)),1990-03-10,High School,Ritto,T.M. Opera O,171,B93 W61 H88,25cm,No change,ç§ (Watashi),ãƒˆãƒ¬ãƒ¼ãƒŠãƒ¼å› (Trainer-kun),[[Yui Kondo]],Biwa Hayahide (Icon).png,B03D81,E776B6,IRL:Biwa Hayahide,,,,
Blast_Onepiece,1128,ãƒ–ãƒ©ã‚¹ãƒˆãƒ¯ãƒ³ãƒ”ãƒ¼ã‚¹,,Burasuto Wanpiisu,é˜²çˆ†è£æŸ,,,,,Blast Onepiece (Main).png,Blast Onepiece (Race).png,,,,2021-04-02,,,,174,B93 W63 H90,,,,,[[Azusa Shizuki]],Blast Onepiece (Icon).png,009CBD,0CB85F,IRL:Blast Onepiece,,,,
Bubble_Gum_Fellow,1124,ãƒãƒ–ãƒ«ã‚¬ãƒ ãƒ•ã‚§ãƒ­ãƒ¼,,Baburu Gamu Feroo,å¹æ³¢ç³–,,,,,Bubble Gum Fellow (Main).png,Bubble Gum Fellow (Race).png,Bubble Gum Fellow (Proto).png,,,2021-04-11,,,Fenomeno,166,B82 W58 H84,,,,,[[Sayaka Kamitani]],Bubble Gum Fellow (Icon).png,e5bd00,0047bb,IRL:Bubble Gum Fellow,,,,
Buena_Vista,1114,ãƒ–ã‚¨ãƒŠãƒ“ã‚¹ã‚¿,,Buena Bisuta,è¿·äººæ™¯ç·»,,,,,Buena Vista (Main).png,Buena Vista (Race).png,,Buena Vista (Stage).png,,2021-03-14,,,Gentildonna,159,B81 W56 H81,,,,,[[Fuka Izumi]],Buena Vista (Icon).png,c0af3b,583d3e,IRL:Buena Vista,ğŸ¥²,,,
Calstone_Light_O,1120,ã‚«ãƒ«ã‚¹ãƒˆãƒ³ãƒ©ã‚¤ãƒˆã‚ª,,Karusuton Raito O,é‡‘é®ä¹‹å…‰,,,,,Calstone Light O (Main).png,Calstone Light O (Race).png,Calstone Light O (Proto).png,Calstone Light O (Stage).png,,2021-05-03,,Ritto,Durandal,159,B80 W55 H80,23cm,Developing at Top Speed,,,Yumiko Mochizuki (æœ›æœˆã‚†ã¿ã“),Calstone Light O (Icon).png,131b4c,f7eb49,IRL:Calstone Light O,,,,
Cesario,1110,ã‚·ãƒ¼ã‚¶ãƒªã‚ª,,Shizario,è¥¿æ²™é‡Œå¥§,,,,,Cesario (Main).png,Cesario (Race).png,,Cesario (Stage).png,,2021-03-31,Middle School,Ritto,Rhein Kraft,167,B80 W53 H84,24.5 cm,Slight decrease (a bit restrained before a race),ç§ (Watashi),ãƒˆãƒ¬ãƒ¼ãƒŠãƒ¼ (Trainer),[[Haruka Sato]],Cesario (Icon).png,948eab,0a3874,IRL:Cesario,ğŸ”›ğŸ“´,,,
Cheval_Grand,1089,ã‚·ãƒ¥ãƒ´ã‚¡ãƒ«ã‚°ãƒ©ãƒ³,,shuvaru guran,é«˜å°šé§¿é€¸,,,,A Magnificent Umamusume,Cheval Grand (Main).png,Cheval Grand (Race).png,Cheval Grand (Proto).png,Cheval Grand (Stage).png,ã‚·ãƒ¥ãƒ´ã‚¡ãƒ« (Cheval),2012-03-14,Middle School,Ritto,Win Variation,160,B85 W56 H80,24cm,Stable â—¯,åƒ• (Boku),,[[Yuko Natsuyoshi]],Cheval Grand (Icon).png,64C3C1,1E3872,IRL:Cheval Grand,,Party Dash:Cheval Grand,,
Chrono_Genesis,1133,ã‚¯ãƒ­ãƒã‚¸ã‚§ãƒã‚·ã‚¹,,Kurono Jeneshisu,å‰µä¸–é§’,,,,,Chrono Genesis (Main).png,Chrono Genesis (Race).png,Chrono Genesis (Proto).png,,,2021-03-06,Middle School,Ritto,Loves Only You,152,B77 W54 H76,22.0cm,Historical,,,[[Hiyori Manase]],Chrono Genesis (Icon).png,464647,50a19f,IRL:Chrono Genesis,ğŸ“°,,,
Copano_Rickey,1098,ã‚³ãƒ‘ãƒãƒªãƒƒã‚­ãƒ¼,,Kopano Rikkii,å°æ—æ­·å¥‡,,,,Lucky Charm that Brings Victory,Copano Rickey (Main).png,Copano Rickey (Race).png,Copano Rickey (Proto).png,Copano Rickey (Stage).png,ãƒªãƒƒã‚­ãƒ¼ (Rickey),2010-03-24,Middle School,Ritto,,165,B83 W55 H87,25cm,Secretâ˜†,ç§ (Watashi),ãƒˆãƒ¬ãƒ¼ãƒŠãƒ¼ (Trainer),[[Konomi Inagaki]],Copano Rickey (Icon).png,eeb42a,d93c49,IRL:Copano Rickey,â­,,,
Curren_Bouquetd'or,1134,ã‚«ãƒ¬ãƒ³ãƒ–ãƒ¼ã‚±ãƒ‰ãƒ¼ãƒ«,,Karen Buukedooru,æ©Ÿä¼¶é‡‘èŠ±,,,,,Curren Bouquetd'or (Main).png,Curren Bouquetd'or (Race).png,,,,2021-04-23,,,Yamanin Zephyr,153,B78 W53 H77,,,,,[[Anju Oda]],Curren Bouquetd'or (Icon).png,8e8180,473d3c,IRL:Curren Bouquetd'or,,,,
Curren_Chan,1038,ã‚«ãƒ¬ãƒ³ãƒãƒ£ãƒ³,,Karen Chan,çœŸæ©Ÿä¼¶,,,,Sparkling Girl,Curren Chan (Main).png,Curren Chan (Race).png,Curren Chan (Proto).png,Curren Chan (Stage).png,ã‚«ãƒ¬ãƒ³ (Curren)<br>ã‚«ãƒ¬ãƒ³ã¡ã‚ƒã‚“å¤§å…ˆç”Ÿ (Curren-chan-senpai)<br>ãƒãƒ£ãƒ³ã‚«ãƒ¼ãƒ¬ (Chancurre),2007-03-31,Middle School,Ritto,Admire Vega,155,B83 W55 H79,22cm,Secret â™¥,"ã‚«ãƒ¬ãƒ³ã€ç§ (Curren, Watashi)","ãŠå…„ã¡ã‚ƒã‚“ã€ãŠå§‰ã¡ã‚ƒã‚“ (Big Bro, Big Sis)",[[Yu Sasahara]],Curren Chan (Icon).png,F86669,47423E,IRL:Curren Chan,ğŸ’,,,
Daiichi_Ruby,1085,ãƒ€ã‚¤ã‚¤ãƒãƒ«ãƒ“ãƒ¼,,Daiichi Rubii,ç¬¬ä¸€ç´…å¯¶,ç¬¬ä¸€çº¢å®çŸ³,,,The Brilliant Young Lady,Daiichi Ruby (Main).png,Daiichi Ruby (Race).png,Daiichi Ruby (Proto).png,Daiichi Ruby (Stage).png,ãƒ«ãƒ“ãƒ¼ (Ruby)<br>ãŠå¬¢ (Ojou),1987-04-15,High School,Ritto,K.S.Miracle,141,B77 W53 H76,"L19cm, R18.5cm",Splendid progress,ç§ï¼ˆã‚ãŸãã—ï¼‰ (Watakushi),è²´æ–¹ (Anata),[[Carin Isobe]],Daiichi Ruby (Icon).png,d2445d,6946a9,IRL:Daiichi Ruby,,,,
Daitaku_Helios,1065,ãƒ€ã‚¤ã‚¿ã‚¯ãƒ˜ãƒªã‚ªã‚¹,,Daitaku Heriosu,å¤§å¾·å¤ªé™½,å¤§æ‹“å¤ªé˜³ç¥,å¤§å¾·æ—¥ç¥,,Hyped Party-girl Uma Musume,Daitaku Helios (Main).png,Daitaku Helios (Race).png,Daitaku Helios (Proto).png,Daitaku Helios (Stage).png,ãƒ˜ãƒªã‚ªã‚¹ (Helios)<br>ã‚ºãƒƒå‹ (Zuttomo),1987-04-10,High School,Ritto,Tap Dance City,156,B82 W53 H85,23.5cm,Wei!,"ã‚¦ãƒã€ã‚ãŸãã— (Uchi, Watakushi)",ãƒˆãƒ¬ã´ (Torepi),[[Aya Yamane]],Daitaku Helios (Icon).png,5b64d5,fbe247,IRL:Daitaku Helios,ğŸŒ,,,
Daiwa_Scarlet,1009,ãƒ€ã‚¤ãƒ¯ã‚¹ã‚«ãƒ¼ãƒ¬ãƒƒãƒˆ,,daiwa sukaaretto,å¤§å’Œèµ¤é©¥,,,,Miss Perfect,Daiwa Scarlet (Main).png,Daiwa Scarlet (Race).png,Daiwa Scarlet (Proto).png,Daiwa Scarlet (Stage).png,ã‚¹ã‚«ãƒ¼ãƒ¬ãƒƒãƒˆ (Scarlet),2004-05-13,Middle School,Ritto,Vodka,163,B90 W56 H82,24.5cm,Unclear (refused measurement),ã‚¢ã‚¿ã‚· (Atashi),ãƒˆãƒ¬ãƒ¼ãƒŠãƒ¼ (Trainer),[[Chisa Kimura]],Daiwa Scarlet (Icon).png,4F64D8,E73472,IRL:Daiwa Scarlet,,Party Dash:Daiwa Scarlet,,
Dantsu_Flame,1092,ãƒ€ãƒ³ãƒ„ãƒ•ãƒ¬ãƒ¼ãƒ ,,Dantsu Fureemu,ç·é€šçƒˆç„°,,çƒˆç„°å¿«é§’,,,Dantsu Flame (Main).png,Dantsu Flame (Race).png,,Dantsu Flame (Stage).png,"ãƒ€ãƒ³ãƒ„ã€€(Dantsu), ãƒ•ãƒ¬ã¡ã‚ƒã‚“ (Fla-chan)",2021-04-19,Highschool,Ritto,Hishi Miracle,163,B90 W60 H88,,Uncertain,,,[[Haruna Fukushima]],Dantsu Flame (Icon).png,e97d97,119d76,IRL:Dantsu_Flame,ğŸ©·,Party Dash:Dantsu Flame,,
Daring_Heart,1112,ãƒ‡ã‚¢ãƒªãƒ³ã‚°ãƒãƒ¼ãƒˆ,,Dearingu Haato,å‹‡æ•¢ä¹‹å¿ƒ,,,,,Daring Heart (Main).png,Daring Heart (Race).png,,Daring Heart (Stage).png,,2021-03-09,,Ritto,Fusaichi Pandora,165,B82 W52 H84,,Audacious,,,[[Shio Kisui]],Daring Heart (Icon).png,d0ba00,38312b,IRL:Daring Heart,ğŸ’›,,,
Daring_Tact,1075,ãƒ‡ã‚¢ãƒªãƒ³ã‚°ã‚¿ã‚¯ãƒˆ,,Dearingu Takuto,è¬€å‹‡å…¼å‚™,,,,,Daring Tact (Main).png,Daring Tact (Race).png,,Daring Tact (Stage).png,ã‚¿ã‚¯ãƒˆ (Takuto),2017-04-15,,,,158,B80 W55 H82,,Natural Transition,,,[[Hina Yomiya]],Daring Tact (Icon).png,79c6db,6c5953,IRL:Daring Tact,,,,
Dream_Journey,1119,ãƒ‰ãƒªãƒ¼ãƒ ã‚¸ãƒ£ãƒ¼ãƒ‹ãƒ¼,,Doriimu Jaanii,å¤¢ä¹‹æ—…,,,,Witness of Journey's End,Dream Journey (Main).png,Dream Journey (Race).png,,Dream Journey (Stage).png,,2021-02-24,High School,Ritto,Orfevre,144,B66 W48 H69,22.5cm,Uncertain,Watashi (ç§),,[[Mayu Yoshioka]],Dream Journey (Icon).png,332d1f,e6e08a,IRL:Dream Journey,â– ,,,
Duramente,1108,ãƒ‰ã‚¥ãƒ©ãƒ¡ãƒ³ãƒ†,,,å¤§é³´å¤§æ”¾,,,,The Embodiment of the Strongest,Duramente (Main).png,Duramente (Race).png,Duramente (Proto).png,Duramente (Stage).png,ãƒ‰ã‚¥ãƒ©(Dura),2012-03-22,Middle School,Miho,Satono Crown,166,B89 W57 H85,24.5cm,A Beautiful Finish,ç§ (Watashi),,[[Akina]],Duramente (Icon).png,bf3344,4e4e4e,IRL:Duramente,ğŸ’ª,Party_Dash:Duramente,,
Durandal,1121,ãƒ‡ãƒ¥ãƒ©ãƒ³ãƒ€ãƒ«,,Durandaru,å¤šæ—ºé”,,,,,Durandal (Main).png,Durandal (Race).png,Durandal (Proto).png,Durandal (Stage).png,,2021-05-25,Highschool,Ritto,Calstone Light O,162,B89 W56 H85,23.5cm on both sides,A faithful finish,,"ãƒˆãƒ¬ãƒ¼ãƒŠãƒ¼æ®¿, æˆ‘ãŒç‹ã‚ˆ (Torena Dono) (Waga O Yo)",[[Kana Nogi]],Durandal (Icon).png,efa605,d22630,IRL:Durandal,,,,
Eishin_Flash,1037,ã‚¨ã‚¤ã‚·ãƒ³ãƒ•ãƒ©ãƒƒã‚·ãƒ¥,,Eishin Furasshu,æ¦®é€²é–ƒè€€,,,,Sharpness of a Flash,Eishin Flash (Main).png,Eishin Flash (Race).png,Eishin Flash (Proto).png,Eishin Flash (Stage).png,ãƒ•ãƒ©ãƒƒã‚·ãƒ¥ (Flash),2007-03-27,High School,Ritto,Smart Falcon,160,B88 W58 H86,23cm,No change (without even 1g of error),ç§ (Watashi),"ãƒˆãƒ¬ãƒ¼ãƒŠãƒ¼ã•ã‚“ (Trainer-san, Anata)",[[Ayami Fujino]],Eishin Flash (Icon).png,3D3B3A,E33067,IRL:Eishin Flash,,,,
El_Condor_Pasa,1014,ã‚¨ãƒ«ã‚³ãƒ³ãƒ‰ãƒ«ãƒ‘ã‚µãƒ¼,,Eru Kondoru Pasaa,ç¥é·¹,,,,Mysterious Bird,El Condor Pasa (Main).png,El Condor Pasa (Race).png,El Condor Pasa (Proto).png,El Condor Pasa (Stage).png,ã‚¨ãƒ« (El),1995-03-17,Middle School,Miho,Grass Wonder,163,B89 W58 H86,24cm,Slight increase (the weightlifting's working!),"ã‚¢ã‚¿ã‚·ã€ã‚¨ãƒ«ã€ã‚¨ãƒ«ã‚¨ãƒ« (Atashi, El, Elel)",ãƒˆãƒ¬ãƒ¼ãƒŠãƒ¼ã•ã‚“ (Trainer-san),[[Minami Takahashi]],El Condor Pasa (Icon).png,DD4E31,EFDB28,IRL:El Condor Pasa,ğŸ¦,Party Dash:El Condor Pasa,,
Espoir_City,1081,ã‚¨ã‚¹ãƒãƒ¯ãƒ¼ãƒ«ã‚·ãƒãƒ¼,,Esupowaaru Shichii,å¸Œæœ›ä¹‹åŸ,,,,,Espoir City (Main).png,Espoir City (Race).png,,Espoir City (Stage).png,,2021-04-22,,Ritto,,153,B79 W55 H79,,I won't say!,,,[[Asaka]],Espoir City (Icon).png,d93842,293aab,IRL:Espoir City,ğŸ­,,,
Fenomeno,1127,ãƒ•ã‚§ãƒãƒ¼ãƒ¡ãƒ,,Fenoomeno,è¶…å¸¸é§¿é©¥,,,,,Fenomeno (Main).png,Fenomeno (Race).png,Fenomeno (Proto).png,,"ãƒ¡ãƒ (Meno), ãƒãƒ¡ã¡ã‚“ (Mamechin)",2021-04-20,,,Bubble Gum Fellow,171,B81 W59 H82,,,"æœ¬å®˜ (honkan, while on duty), ç§ (watashi)",ãƒœã‚¹ (Boss),[[Yuriko Hibi]],Fenomeno (Icon).png,574a74,f4db4e,IRL:Fenomeno,,,,
Fine_Motion,1022,ãƒ•ã‚¡ã‚¤ãƒ³ãƒ¢ãƒ¼ã‚·ãƒ§ãƒ³,,Fain Mooshon,ç¾å¦™å§¿å‹¢,,,,Free-spirited Princess,Fine Motion (Main).png,Fine Motion (Race).png,Fine Motion (Proto).png,Fine Motion (Stage).png,ãƒ•ã‚¡ã‚¤ãƒ³ (Fine),1999-01-27,High School,Ritto,Air Groove,158,B79 W56 H83,23cm,Slight increase (too much ramen?),ç§ (Watashi),ãƒˆãƒ¬ãƒ¼ãƒŠãƒ¼ã•ã‚“ (Trainer-san),[[Chinami Hashimoto]],Fine Motion (Icon).png,20A95C,EE5340,IRL:Fine Motion,,,,
Fuji_Kiseki,1005,ãƒ•ã‚¸ã‚­ã‚»ã‚­,,Fuji Kiseki,å¯Œå£«å¥‡çŸ³,,,í›„ì§€ í‚¤ì„¸í‚¤,Beautiful Triple Crown Umamusume,Fuji Kiseki (Main).png,Fuji Kiseki (Race).png,Fuji Kiseki (Proto).png,Fuji Kiseki (Stage).png,ãƒ•ã‚¸ (Fuji)<br>å¯®é•· (Ryocho),1992-04-15,High School,Ritto,,168,B84 W58 H82,26cm,No change,ç§ (Watashi),ãƒˆãƒ¬ãƒ¼ãƒŠãƒ¼ã•ã‚“ (Trainer-san),[[Eriko Matsui]],Fuji Kiseki (Icon).png,444745,33B839,IRL:Fuji Kiseki,,Party Dash:Fuji Kiseki,,
Furioso,1079,ãƒ•ãƒªã‚ªãƒ¼ã‚½,,Furiooso,ç‹‚æ€’æ¨‚ç« ,,,,,Furioso (Main).png,Furioso (Race).png,Furioso (Proto).png,Furioso (Stage).png,,2021-05-01,High school,Lives Alone,,161,B81 W53 H78,"Left, 24.5cm; Right, 24.0cm",Precise,,,[[Aki Sairenji]],Furioso (Icon).png,3f54bf,dd3543,IRL:Furioso,,,,
Fusaichi_Pandora,1113,ãƒ•ã‚µã‚¤ãƒãƒ‘ãƒ³ãƒ‰ãƒ©,,Fusaichi Pandora,æˆ¿ä¸€æ½˜æœµæ‹‰,æ½˜å¤šæ‹‰,ç«ç¥,,,Fusaichi Pandora (Main).png,Fusaichi Pandora (Race).png,,Fusaichi Pandora (Stage).png,,2021-02-27,Middle school,Miho,Daring Heart,165,B92 W61 H86,24.0cm,Feelin' good â™¡,ã‚ãŸã— (Atashi),ãƒˆãƒ¬ãƒ¼ãƒŠãƒ¼ (Trainer),[[Moe Kahara]],Fusaichi Pandora (Icon).png,fd637f,fbd872,IRL:Fusaichi Pandora,ğŸ’–,,,
Gentildonna,1116,ã‚¸ã‚§ãƒ³ãƒ†ã‚£ãƒ«ãƒ‰ãƒ³ãƒŠ,,jentirudonna,è²´å©¦äºº,,,,,Gentildonna (Main).png,Gentildonna (Race).png,Gentildonna (Proto).png,Gentildonna (Stage).png,,2021-02-20,High School,Ritto,Buena Vista,167,B95 W63 H87,26.5 cm,Powerful,ç§ï¼ˆã‚ãŸãã—ï¼‰ (Watakushi),,[[Yuu Serizawa]],Gentildonna (Icon).png,cf2f2b,533c3d,IRL:Gentildonna,ğŸ’ƒ,,,
Gold_City,1040,ã‚´ãƒ¼ãƒ«ãƒ‰ã‚·ãƒãƒ¼,,Gorudo Shichi,é»ƒé‡‘åŸ / é»ƒé‡‘åŸå¸‚,é»„é‡‘åŸ,,,Prettiest Girl of the Century,Gold City (Main).png,Gold City (Race).png,Gold City (Proto).png,Gold City (Stage).png,ã‚·ãƒãƒ¼ (City),1984-04-16,High School,Ritto,Bamboo Memory,158,B85 W58 H82,23cm,She didn't show up to the measuring station,ã‚¢ã‚¿ã‚· (Atashi),ãƒˆãƒ¬ãƒ¼ãƒŠãƒ¼ (Trainer),[[Saki Kosaka]],Gold City (Icon).png,245099,E63C5C,IRL:Gold City,ğŸ’„,,,
Gold_Ship,1007,ã‚´ãƒ¼ãƒ«ãƒ‰ã‚·ãƒƒãƒ—,,GÅrudo Shippu,é»ƒé‡‘èˆ¹,,,,Unprecedented,Gold Ship (Main).png,Gold Ship (Race).png,Gold Ship (Proto).png,Gold Ship (Stage).png,ã‚´ãƒ«ã‚· (Golshi)<br>ã‚´ãƒ«ãƒ”ãƒƒãƒ” (Golpippi),2009-03-06,,Ritto,,170,B88 W55 H88,26.5cm,Unmeasurable,"ã‚¢ã‚¿ã‚· ã‚¢ãƒ†ã‚¯ã‚·ã€ã‚´ãƒ«ã‚·ã¡ã‚ƒã‚“ã€ä¿ºã€ã‚´ãƒ«ã´ã£ã´ (Atashi, Atakushi, Gorushi-chan, Ore, Gorupippi)","ãƒˆãƒ¬ãƒ¼ãƒŠãƒ¼ã€ãƒˆãƒ¬ãƒ”ãƒƒãƒ”ã€ç¾é‡‘è‡ªå‹•é ã‘æ‰•ã„æ©Ÿ (Trainer, Torepippi, ATM)",[[Hitomi Ueda]],Gold Ship (Icon).png,DA3C57,E9DA36,IRL: Gold Ship,âš“ï¸,Party Dash:Gold Ship,,
Gran_Alegria,1131,ã‚°ãƒ©ãƒ³ã‚¢ãƒ¬ã‚°ãƒªã‚¢,,Guran Areguria,æ”¾è²æ­¡å‘¼,,,,Absolute Queen of the Mile,Gran Alegria (Main).png,Gran Alegria (Race).png,Gran Alegria (Proto).png,,Gran,2016-01-24,Middle School,Miho,,160,B84 W55 H85,,Growing by about 10 miles!,Atashi (ã‚ãŸã—),Trainer-san (ãƒˆãƒ¬ãƒ¼ãƒŠãƒ¼ã•ã‚“),[[Hina Natsume]],Gran Alegria (Icon).png,53565a,ef4d60,IRL:Gran Alegria,,,,
Grass_Wonder,1011,ã‚°ãƒ©ã‚¹ãƒ¯ãƒ³ãƒ€ãƒ¼,,Gurasu Wandaa,è‰ä¸Šé£›,,,,Phoenix,Grass Wonder (Main).png,Grass Wonder (Race).png,Grass Wonder (Proto).png,Grass Wonder (Stage).png,ã‚°ãƒ©ã‚¹ (Grass),1995-02-18,Middle School,Miho,El Condor Pasa,152,B77 W53 H84,"L23cm, R23.5cm",No change,ç§ (Watashi),ãƒˆãƒ¬ãƒ¼ãƒŠãƒ¼ã•ã‚“ (Trainer-san),[[Rena Maeda]],Grass Wonder (Icon).png,3A34AC,E3493F,IRL:Grass Wonder,,Party Dash:Grass Wonder,,
Haru_Urara,1052,ãƒãƒ«ã‚¦ãƒ©ãƒ©,,haru urara,æ˜¥éº— / æ˜¥çƒèˆèˆ,æ˜¥ä¸½/æ˜¥ä¹Œæ‹‰æ‹‰/ä¹Œæ‹‰æ‹‰,,,Persistent Haru Urara,Haru Urara (Main).png,Haru Urara (Race).png,Haru Urara (Proto).png,Haru Urara (Stage).png,ã‚¦ãƒ©ãƒ© (Urara),1996-02-27,Middle School,Ritto,King Halo,140,B74 W51 H73,20cm,Slight increase (but not a big deal),"ã‚ãŸã—ã€ã‚¦ãƒ©ãƒ© (Watashi, Urara)",ãƒˆãƒ¬ãƒ¼ãƒŠãƒ¼ (Trainer),[[Yukina Shuto]],Haru Urara (Icon).png,FA7395,EDE04B,IRL:Haru Urara,ğŸ©¹,,,
Hishi_Akebono,1028,ãƒ’ã‚·ã‚¢ã‚±ãƒœãƒ,,Hishi Akebono,è±æ›™,,,,Super-sized Umamusume,Hishi Akebono (Main).png,Hishi Akebono (Race).png,Hishi Akebono (Proto).png,Hishi Akebono (Stage).png,ã‚¢ã‚±ãƒœãƒ (Akebono)<br>ãƒœãƒ (Bono),1992-02-27,Middle School,Ritto,Biko Pegasus,180,B99 W64 H88,28cm,Super large increase,ã‚ãŸã— (Atashi),ãƒˆãƒ¬ãƒ¼ãƒŠãƒ¼ã•ã‚“ (Trainer-san),[[Rei Matsuzaki]],Hishi Akebono (Icon).png,208BCD,FA6F8B,IRL:Hishi Akebono,,,,
Hishi_Amazon,1012,ãƒ’ã‚·ã‚¢ãƒã‚¾ãƒ³,,Hishi Amazon,è±äºé¦¬éœ,,,,Heroine,Hishi Amazon (Main).png,Hishi Amazon (Race).png,Hishi Amazon (Proto).png,Hishi Amazon (Stage).png,ãƒ’ã‚·ã‚¢ãƒ (Hishiama),1991-03-26,High School,Miho,,160,B92 W59 H89,24cm,Slight increase (no comment),"ã‚¢ã‚¿ã‚·ã€ãƒ’ã‚·ã‚¢ãƒå§ã•ã‚“ (Atashi, Hishiama Nee-san)","ã‚¢ãƒ³ã‚¿ã€ãƒˆãƒ¬å…¬ (Anta, Torekou)",[[Yuiko Tatsumi]],Hishi Amazon (Icon).png,2185D0,E6453A,IRL:Hishi Amazon,,,,
Hishi_Miracle,1106,ãƒ’ã‚·ãƒŸãƒ©ã‚¯ãƒ«,,hishi mirakuru,è±å¥‡è¹Ÿ,,è±é‘½å¥‡å¯¶,,Relaxed and Soothing Umamusume,Hishi Miracle (Main).png,Hishi Miracle (Race).png,Hishi Miracle (Proto).png,Hishi Miracle (Stage).png,"ãƒŸãƒ©å­ (Mirako),",1999-03-31,High School,Ritto,Dantsu Flame,156,B85 W62 H88,22cm,Normal,ã‚ãŸã— (Watashi),ãƒˆãƒ¬ãƒ¼ãƒŠãƒ¼ã•ã‚“ (Trainer-san),[[Sakura Kasuga]],Hishi Miracle (Icon).png,4a71b2,bdd1e9,IRL:Hishi Miracle,,,,
Hokko_Tarumae,1099,ãƒ›ãƒƒã‚³ãƒ¼ã‚¿ãƒ«ãƒã‚¨,,hokkoo tarumae,åŒ—å¹¸æ¨½å‰,åŒ—æ¸¯ç«å±±,åŒ—æ¸¯ç«å±±,,The Star of Tomakomai,Hokko Tarumae (Main).png,Hokko Tarumae (Race).png,Hokko Tarumae (Proto).png,Hokko Tarumae (Stage).png,ã‚¿ãƒ«ãƒã‚¨ (Tarumae),2009-05-26,Middle School,Ritto,Verxina,162,B86 W56 H85,24.5cm,No Change,"ç§ã€ãŠã‚‰ (Watashi, Ora )",ãƒˆãƒ¬ãƒ¼ãƒŠãƒ¼ã•ã‚“ (Trainer-san),[[Sayaka Kikuchi]],Hokko Tarumae (Icon).png,d94149,cddee0,IRL:Hokko Tarumae,ğŸª½,,,
Ikuno_Dictus,1063,ã‚¤ã‚¯ãƒãƒ‡ã‚£ã‚¯ã‚¿ã‚¹,,Ikuno Dikutasu,ç‹„æœæ–¯,ç”Ÿé‡ç‹„æœæ–¯,,,Iron Maiden,Ikuno Dictus (Main).png,Ikuno Dictus (Race).png,Ikuno Dictus (Proto).png,Ikuno Dictus (Stage).png,ã‚¤ã‚¯ãƒ (Ikuno),1987-04-16,Middle School,Ritto,Mejiro McQueen,163,B75 W53 H82,23cm,Impeccable,ç§ (Watashi),ãƒˆãƒ¬ãƒ¼ãƒŠãƒ¼ã•ã‚“ (Trainer-san),[[Masumi Tazawa]],Ikuno Dictus (Icon).png,49b73f,c6d1d5,IRL:Ikuno Dictus,ğŸš²,,,
Inari_One,1034,ã‚¤ãƒŠãƒªãƒ¯ãƒ³,,Inari Wan,ç¨»è·ä¸€,,,,The Tenjin from Ooi,Inari One (Main).png,Inari One (Race).png,Inari One (Proto).png,Inari One (Stage).png,ã‚¤ãƒŠãƒª (Inari),1984-05-07,High School,Miho,Twin Turbo,139,B85 W51 H74,19cm,No change,"ã‚ãŸã—ã€ã‚¤ãƒŠãƒªæ§˜ (Atashi, Inari-sama)","ãƒ€ãƒ³ãƒŠã€ã‚¢ãƒã‚´ (Danna, Anego)",[[Haruno Inoue]],Inari One (Icon).png,AE419E,EC86D0,IRL:Inari One,,,,
Ines_Fujin,1031,ã‚¢ã‚¤ãƒã‚¹ãƒ•ã‚¦ã‚¸ãƒ³,,Ainesu Fuujin,è‰¾å°¼æ–¯é¢¨ç¥ / è‰¾å°¼é¢¨ç¥,,,,Wind God,Ines Fujin (Main).png,Ines Fujin (Race).png,Ines Fujin (Proto).png,Ines Fujin (Stage).png,ã‚¢ã‚¤ãƒã‚¹ (Ines),1987-04-10,High School,Miho,Mejiro Ryan,167,B88 W58 H84,"L24cm, R24.5cm",Slight increase (ate a little too much?),"ã‚ãŸã—ã€ã‚¢ã‚¤ãƒã‚¹ãŠå§‰ã¡ã‚ƒã‚“ (Atashi, Ines Onee-chan)",ãƒˆãƒ¬ãƒ¼ãƒŠãƒ¼ (Trainer),[[Rika Nagae]],Ines Fujin (Icon).png,F078C5,54AE1B,IRL:Ines Fujin,,,,
Jungle_Pocket,1094,ã‚¸ãƒ£ãƒ³ã‚°ãƒ«ãƒã‚±ãƒƒãƒˆ,,,å¢æ—å£è¢‹,æ£®æ—å£è¢‹,æ£®æ—å¯¶ç©´,,,Jungle Pocket (Main).png,Jungle Pocket (Race).png,Jungle Pocket (Proto).png,Jungle Pocket (Stage).png,ãƒãƒƒã‚± (Pokke)<br>ãƒã‚±ãƒƒãƒˆ (Pocket)<br>é™›ä¸‹ï¼ˆãƒ•ã‚¸ã‚­ã‚»ã‚­ï¼‰ (Your Majesty (Fuji Kiseki))<br>ã‚¸ãƒ£ãƒ³ã‚°ãƒ«ãƒã‚²ãƒƒãƒˆ(ã‚¢ã‚°ãƒã‚¹ã‚¿ã‚­ã‚ªãƒ³) (Jungle Baguette (Agnes Tachyon)),1998-05-07,High School,Ritto,Narita Top Road,158,B77 W56 H80,"L24cm, R23cm",Don't know,ä¿º (Ore),,[[Yuri Fujimoto]],Jungle Pocket (Icon).png,6ac43c,e6d734,IRL:Jungle Pocket,ğŸ’¥,Party Dash:Jungle Pocket,,
K.S.Miracle,1093,ã‚±ã‚¤ã‚¨ã‚¹ãƒŸãƒ©ã‚¯ãƒ«,Kei Esu Mirakuru,,å‡±æ–¯å¥‡è¹Ÿ / å–œå˜‰å¥‡è¹Ÿ,,,,Architect of Miracles,K.S.Miracle (Main).png,K.S.Miracle (Race).png,K.S.Miracle (Proto).png,K.S.Miracle (Stage).png,ã‚±ã‚¤ã¡ã‚ƒã‚“ (Kei-Chan)<br>ãƒŸãƒ©ã‚¯ãƒ« (Miracle)<br>ãƒŸãƒ© (Mira),1988-03-16,High School,Ritto,Daiichi Ruby,156,B79 W51 H77,"L22.5cm, R22cm",Smart,ãŠã‚Œ (Ore),ãƒˆãƒ¬ãƒ¼ãƒŠãƒ¼ã•ã‚“ (TorÄ“nÄ-san),[[Hinata Sato]],K.S.Miracle (Icon).png,85aae1,ebd64a,IRL:K.S.Miracle,ğŸ¦¢,,,
Katsuragi_Ace,1104,ã‚«ãƒ„ãƒ©ã‚®ã‚¨ãƒ¼ã‚¹,,Katsuragi Eesu,è‘›åŸç‹ç‰Œ / è‘›åŸæ¦®ä¸»,,,,World-Conquering Great Ace,Katsuragi Ace (Main).png,Katsuragi Ace (Race).png,Katsuragi Ace (Proto).png,Katsuragi Ace (Stage).png,ã‚¨ãƒ¼ã‚¹ (Ace)<br>ãƒ©ã‚®ã±ã„ã›ã‚“ (Ragi-paisen)<br>ãƒ©ã‚®ãƒ©ã‚® (Ragiragi),1980-04-24,High School,Ritto,Mejiro Palmer,165,B81 W54 H77,24cm,Ace-class,ã‚ãŸã— (Atashi),"ã‚ã‚“ãŸã€ãƒˆãƒ¬ãƒ¼ãƒŠãƒ¼ã•ã‚“ã€ãƒˆãƒ¬ãƒ¼ãƒŠãƒ¼æ®¿ (Anta, Trainer-san, Trainer-dono)",[[Natsumi Fujiwara]],Katsuragi Ace (Icon).png,7db0e0,f77696,IRL:Katsuragi Ace,ğŸ…°ï¸,,,
Kawakami_Princess,1039,ã‚«ãƒ¯ã‚«ãƒŸãƒ—ãƒªãƒ³ã‚»ã‚¹,,Kawakami Purinsesu,å·ä¸Šå…¬ä¸»,,,,Precocious Princess,Kawakami Princess (Main).png,Kawakami Princess (Race).png,Kawakami Princess (Proto).png,Kawakami Princess (Stage).png,ã‚«ãƒ¯ã‚«ãƒŸ (Kawakami)<br>ãŠå¸«åŒ æ§˜ (Oshishousama),2003-06-05,Middle School,Ritto,Seeking the Pearl,154,B91 W57 H87,21.5cm,No increase or decrease (of course!),ç§ï¼ˆã‚ãŸãã—ï¼‰ (Watakushi),ãƒˆãƒ¬ãƒ¼ãƒŠãƒ¼ã•ã‚“ (Trainer-san),[[Karin Takahashi]],Kawakami Princess (Icon).png,E146A7,00C7B1,IRL:Kawakami Princess,,,,
King_Halo,1061,ã‚­ãƒ³ã‚°ãƒ˜ã‚¤ãƒ­ãƒ¼,,kingu heiroo,å¸çš‡å…‰è¼,,,í‚¹ í—¤ì¼ë¡œ,King of the World,King Halo (Main).png,King Halo (Race).png,King Halo (Proto).png,King Halo (Stage).png,ã‚­ãƒ³ã‚° (King)<br>ãŠå¬¢æ§˜ (Ojousama),1995-04-28,Middle School,Ritto,Haru Urara,159,B85 W60 H85,23cm,Perfect,"ç§ã€ã‚­ãƒ³ã‚°ã€ã“ã®ã‚­ãƒ³ã‚° (Watashi, King, Kono King)",ãƒˆãƒ¬ãƒ¼ãƒŠãƒ¼ (Trainer),[[Iori Saeki]],King Halo (Icon).png,0E9451,1C57A5,IRL:King Halo,,Party Dash:King Halo,,
Kitasan_Black,1068,ã‚­ã‚¿ã‚µãƒ³ãƒ–ãƒ©ãƒƒã‚¯,,Kitasan Burakku,åŒ—éƒ¨ç„é§’,,,,Festival Girl,Kitasan Black (Main).png,Kitasan Black (Race).png,Kitasan Black (Proto).png,Kitasan Black (Stage).png,Kitasan,2012-03-10,Middle School,Ritto,Satono Diamond,162,B85 W56 H88,23cm,Growing up big and strong!,ã‚ãŸã— (Atashi),ãƒˆãƒ¬ãƒ¼ãƒŠãƒ¼ã•ã‚“ (Trainer-san),[[Hinaki Yano]],Kitasan Black (Icon).png,5a6065,fc6d31,IRL:Kitasan Black,ğŸ®,Party Dash:Kitasan Black,,
Loves_Only_You,1132,ãƒ©ãƒ´ã‚ºã‚ªãƒ³ãƒªãƒ¼ãƒ¦ãƒ¼,,Ravuzu Onrii Yuu,å”¯ç¨æ„›ä½ ,,,,,Loves Only You (Main).png,Loves Only You (Race).png,Loves Only You (Proto).png,,ãƒ©ãƒ´ã‚º (Loves),2021-03-26,,,Chrono Genesis,158,B88 W58 H88,,Members Only,,"ãƒˆãƒ¬ãƒ¼ãƒŠãƒ¼ãã‚“ (Trainer-kun, male trainer) / ãƒˆãƒ¬ãƒ¼ãƒŠãƒ¼ã¡ã‚ƒã‚“ (Trainer-chan, female trainer)",[[Miyu Kubota]],Loves Only You (Icon).png,424840,268745,IRL:Loves Only You,â¤ï¸,,,
Lucky_Lilac,1130,ãƒ©ãƒƒã‚­ãƒ¼ãƒ©ã‚¤ãƒ©ãƒƒã‚¯,,Rakkii Rairakku,æ—ºç´«ä¸,,,,,Lucky Lilac (Main).png,Lucky Lilac (Race).png,,,ãƒ©ãƒ© (Lala),2021-04-03,,,,162,B88 W57 H85,,,,,[[Yuki Nakashima]],Lucky Lilac (Icon).png,454152,907594,IRL:Lucky Lilac,,,,
Manhattan_Cafe,1025,ãƒãƒ³ãƒãƒƒã‚¿ãƒ³ã‚«ãƒ•ã‚§,,Manhattan Kafe,æ›¼å“ˆé “å’–å•¡,,"æ›¼åŸèŒ¶åº§ <!-- No record in HKJC, please fact check it -->",ë§¨í•˜íƒ„ ì¹´í˜,Jet-Black Phantom,Manhattan Cafe (Main).png,Manhattan Cafe (Race).png,Manhattan Cafe (Proto).png,Manhattan Cafe (Stage).png,ã‚«ãƒ•ã‚§ (Cafe),1998-03-05,High School,Miho,Yukino Bijin,155,B73 W54 H78,22cm,No change,ç§ (Watashi),ãƒˆãƒ¬ãƒ¼ãƒŠãƒ¼ã•ã‚“ (Trainer-san),[[Yui Ogura]],Manhattan Cafe (Icon).png,494541,E8DD4C,IRL:Manhattan Cafe,â˜•,Party Dash:Manhattan Cafe,,
Maruzensky,1004,ãƒãƒ«ã‚¼ãƒ³ã‚¹ã‚­ãƒ¼,,Maruzensukii,ä¸¸å–„æ–¯åŸº,,,ë§ˆë£¨ì  ìŠ¤í‚¤,Supercar,Maruzensky (Main).png,Maruzensky (Race).png,Maruzensky (Proto).png,Maruzensky (Stage).png,ãƒãƒ«ã‚¼ãƒ³ (Maruzen)<br>æ€ªç‰© (Monster),1974-05-19,High School,Lives alone,,164,B92 W58 H88,26cm,Optimal form,"ã‚ãŸã—ã€ãŠå§‰ã•ã‚“ (Atashi, Onee-san)","ãƒˆãƒ¬ãƒ¼ãƒŠãƒ¼å›ã€ãƒˆãƒ¬ãƒ¼ãƒŠãƒ¼ã¡ã‚ƒã‚“ (Trainer-kun, Trainer-chan)",[[Lynn]],Maruzensky (Icon).png,EA504A,FFCD00,IRL:Maruzensky,,,,
Marvelous_Sunday,1055,ãƒãƒ¼ãƒ™ãƒ©ã‚¹ã‚µãƒ³ãƒ‡ãƒ¼,,Maaberasu Sandee,ç¾éº—å‘¨æ—¥,,,,Marvelous Evangelist,Marvelous Sunday (Main).png,Marvelous Sunday (Race).png,Marvelous Sunday (Proto).png,Marvelous Sunday (Stage).png,ãƒãƒ¼ãƒ™ãƒ©ã‚¹ (Marvelous)<br>ãƒãƒ™ (Marve),1992-05-31,Middle School,Ritto,Nice Nature,145,B87 W52 H77,22cm,Marvelous!,ã‚¢ã‚¿ã‚· (Atashi),"ã‚¢ãƒŠã‚¿ã€ãƒˆãƒ¬ãƒ¼ãƒŠãƒ¼ (Anata, Trainer)",[[Marie Miyake]],Marvelous Sunday (Icon).png,CA46B0,B52542,IRL:Marvelous Sunday,,Party Dash:Marvelous Sunday,,
Matikanefukukitaru,1056,ãƒãƒã‚«ãƒãƒ•ã‚¯ã‚­ã‚¿ãƒ«,,Machikanefukukitaru,å¾…å…¼ç¦ä¾†,,,,Fortune Comes to Those who Smile,Matikanefukukitaru (Main).png,Matikanefukukitaru (Race).png,Matikanefukukitaru (Proto).png,Matikanefukukitaru (Stage).png,ãƒ•ã‚¯ã‚­ã‚¿ãƒ« (Fukukitaru)<br>ãƒ•ã‚¯ (Fuku),1994-05-22,High School,Ritto,Matikanetannhauser,158,B84 W59 H83,23.5cm,Slight decrease because today is an unlucky day,"ç§ã€ãƒ•ã‚¯ã¡ã‚ƒã‚“ã€ãƒ•ã‚¯ã€ã“ã®ãƒ•ã‚¯ (Watashi, Fuku-chan, Fuku, Kono-Fuku)",ãƒˆãƒ¬ãƒ¼ãƒŠãƒ¼ã•ã‚“ (Trainer-san),[[Hiyori Nitta]],Matikanefukukitaru (Icon).png,3D89E9,F8A717,IRL:Matikanefukukitaru,ğŸ”®,Party Dash:Matikanefukukitaru,,
Matikanetannhauser,1062,ãƒãƒã‚«ãƒã‚¿ãƒ³ãƒ›ã‚¤ã‚¶,,Machikanetanhoiza,å¾…å…¼å”æ‡·ç‘Ÿ,å¾…å…¼è¯—æ­Œå‰§/å¾…å…¼å”æ€€ç‘Ÿ,è©©æ­ŒåŠ‡,ë§ˆì¹˜ì¹´ë„¤ íƒ„í˜¸ì´ì €,Late Bloomer,Matikanetannhauser (Main).png,Matikanetannhauser (Race).png,Matikanetannhauser (Proto).png,Matikanetannhauser (Stage).png,ã‚¿ãƒ³ãƒ›ã‚¤ã‚¶ (Tannhauser)<br>ãƒãƒã‚¿ãƒ³ (Machitan)<br>ãŠãƒãƒ (Omachi),1989-05-07,Middle School,Ritto,Matikanefukukitaru,155,B80 W55 H80,"L24.5cm, R25.5cm",Slight increase (Ate too much),ç§ (Watashi),ãƒˆãƒ¬ãƒ¼ãƒŠãƒ¼ (Trainer),[[Hikaru Tono]],Matikanetannhauser (Icon).png,0f8dce,ee5b56,IRL:Matikanetannhauser,ğŸ€,,,
Mayano_Top_Gun,1024,ãƒãƒ¤ãƒãƒˆãƒƒãƒ—ã‚¬ãƒ³,,Mayano Toppu Gan,æ‘©è€¶é‡ç ²,é‡ç‚®,é‡ç ²,,Shapeshifter,Mayano Top Gun (Main).png,Mayano Top Gun (Race).png,Mayano Top Gun (Proto).png,Mayano Top Gun (Stage).png,ãƒãƒ¤ãƒ (Mayano)<br>ãƒãƒ¤ (Maya),1996-03-24,Middle School,Ritto,Tokai Teio,143,B75 W51 H73,20.5cm,No change,"ãƒãƒ¤ã€ã‚¢ã‚¿ã‚· (Maya, Atashi)","ã‚­ãƒŸã€ãƒˆãƒ¬ãƒ¼ãƒŠãƒ¼ã¡ã‚ƒã‚“ (Kimi, Trainer-chan)",[[Mio Hoshitani]],Mayano Top Gun (Icon).png,F57D38,FFC845,IRL:Mayano Top Gun,,Party Dash:Mayano Top Gun,,
Meisho_Doto,1058,ãƒ¡ã‚¤ã‚·ãƒ§ã‚¦ãƒ‰ãƒˆã‚¦,,Meishou Dotou,åå°‡æ€’æ¿¤,,,,A Determined Challenger,Meisho Doto (Main).png,Meisho Doto (Race).png,Meisho Doto (Proto).png,Meisho Doto (Stage).png,ãƒ‰ãƒˆã‚¦ (Doto)<br>ãƒ‰ãƒˆã´ (Dotopi (Daitaku Helios)),1996-03-25,Middle School,Ritto,Air Shakur,164,B99 W61 H89,25cm,Growing in a specific region,ç§ (Watashi),"è²´æ–¹,ãƒˆãƒ¬ãƒ¼ãƒŠãƒ¼ã•ã‚“ (Trainer-san )",[[Misaki Watada]],Meisho Doto (Icon).png,46449B,D64388,IRL:Meisho Doto,ğŸ,,,
Mejiro_Ardan,1071,ãƒ¡ã‚¸ãƒ­ã‚¢ãƒ«ãƒ€ãƒ³,,Mejiro Arudan,ç›®ç™½é˜¿çˆ¾ä¸¹,ç›®ç™½é›…ä¸¹,,,,Mejiro Ardan (Main).png,Mejiro Ardan (Race).png,Mejiro Ardan (Proto).png,Mejiro Ardan (Stage).png,ã‚¢ãƒ«ãƒ€ãƒ³ (Ardan),1985-03-28,High School,Miho,Sakura Chiyono O,162,B87 W56 H85,22.5cm,Secret â™ª,ç§ (Watashi),ãƒˆãƒ¬ãƒ¼ãƒŠãƒ¼ã•ã‚“ (Trainer-san),[[Saya Aizawa]],Mejiro Ardan (Icon).png,28baa5,bfe4eb,IRL:Mejiro Ardan,,,,
Mejiro_Bright,1074,ãƒ¡ã‚¸ãƒ­ãƒ–ãƒ©ã‚¤ãƒˆ,,Mejiro Buraito,ç›®ç™½å…‰æ˜,,,,The Carefree Stayer,Mejiro Bright (Main).png,Mejiro Bright (Race).png,Mejiro Bright (Proto).png,Mejiro Bright (Stage).png,ãƒ–ãƒ©ã‚¤ãƒˆ (Bright),1994-04-19,High School,Ritto,Tsurumaru Tsuyoshi,157,B84 W59 H81,23cm,"Slight increase (Well, I did overeat~)",ã‚ãŸãã— (Watakushi),ãƒˆãƒ¬ãƒ¼ãƒŠãƒ¼ã•ã¾ (Trainer-sama),[[Ayaka Onishi]],Mejiro Bright (Icon).png,45C5C1,9F5F54,IRL:Mejiro Bright,,Party Dash:Mejiro Bright,,
Mejiro_Dober,1059,ãƒ¡ã‚¸ãƒ­ãƒ‰ãƒ¼ãƒ™ãƒ«,,Mejiro Dooberu,ç›®ç™½å¤šä¼¯,,,,Cool Beauty,Mejiro Dober (Main).png,Mejiro Dober (Race).png,Mejiro Dober (Proto).png,Mejiro Dober (Stage).png,ãƒ‰ãƒ¼ãƒ™ãƒ« (Dober)<br>ãƒ™ãƒ« (Ber),1994-05-06,High School,Miho,Taiki Shuttle,157,B83 W57 H81,22cm,No change,ã‚¢ã‚¿ã‚· (Atashi),"ã‚¢ãƒ³ã‚¿ã€ãƒˆãƒ¬ãƒ¼ãƒŠãƒ¼ (Anta, Trainer)",[[Hikari Kubota]],Mejiro Dober (Icon).png,19B49E,6F3B42,IRL:Mejiro Dober,,Party Dash:Mejiro Dober,,
Mejiro_McQueen,1013,ãƒ¡ã‚¸ãƒ­ãƒãƒƒã‚¯ã‚¤ãƒ¼ãƒ³,,Mejiro Makkuiin,ç›®ç™½éº¥æ˜†,,,,Famous Actress,Mejiro McQueen (Main).png,Mejiro McQueen (Race).png,Mejiro McQueen (Proto).png,Mejiro McQueen (Stage).png,ãƒãƒƒã‚¯ã‚¤ãƒ¼ãƒ³ (McQueen)<br>ãƒãƒƒã‚¯ (Mac),1987-04-03,Middle School,Ritto,Ikuno Dictus,159,B71 W54 H76,22.5cm,Slight increase (making frantic adjustments!),ç§ï¼ˆã‚ãŸãã—ï¼‰ (Watakushi),ãƒˆãƒ¬ãƒ¼ãƒŠãƒ¼ã•ã‚“ (Trainer-san),[[Saori Onishi]],Mejiro McQueen (Icon).png,00B5BE,DFC8E7,IRL:Mejiro McQueen,ğŸ°,Party Dash:Mejiro McQueen,,
Mejiro_Palmer,1064,ãƒ¡ã‚¸ãƒ­ãƒ‘ãƒ¼ãƒãƒ¼,,Mejiro Paamaa,ç›®ç™½å–„ä¿¡,,,,The Getaway Umamusume in Turmoil,Mejiro Palmer (Main).png,Mejiro Palmer (Race).png,Mejiro Palmer (Proto).png,Mejiro Palmer (Stage).png,ãƒ‘ãƒ¼ãƒãƒ¼ (Palmer),1987-03-21,High School,Ritto,Katsuragi Ace,160,B84 W57 H86,24cm,Slight decrease,"ç§ã€ãƒ‘ãƒ¼ãƒãƒ¼ã•ã‚“ (Watashi, Palmer)",ãƒˆãƒ¬ãƒ¼ãƒŠãƒ¼ (Trainer),[[Yuri Noguchi]],Mejiro Palmer (Icon).png,27c79c,865432,IRL:Mejiro Palmer,â›³ï¸,,,
Mejiro_Ramonu,1086,ãƒ¡ã‚¸ãƒ­ãƒ©ãƒ¢ãƒ¼ãƒŒ,,Mejiro Ramoonu,ç›®ç™½æ‹‰èŒ‰å¥´,ç›®ç™½é«˜å³°,,,Enchanting Beauty,Mejiro Ramonu (Main).png,Mejiro Ramonu (Race).png,Mejiro Ramonu (Proto).png,Mejiro Ramonu (Stage).png,ãƒ©ãƒ¢ãƒ¼ãƒŒ (Ramonu),1983-04-09,High School,Miho,Symboli Kris S,165,B87 W57 H90,24cm,Ideal enough to be envious of,ç§ (Watashi),è²´æ–¹ (Anata),[[Nao Toyama]],Mejiro Ramonu (Icon).png,4bb6af,3c5161,IRL:Mejiro Ramonu,,,,
Mejiro_Ryan,1027,ãƒ¡ã‚¸ãƒ­ãƒ©ã‚¤ã‚¢ãƒ³,,mejiro raian,ç›®ç™½è³´æ© / ç›®ç™½é›·æ©,,,,A Lovely and Influential Person,Mejiro Ryan (Main).png,Mejiro Ryan (Race).png,Mejiro Ryan (Proto).png,Mejiro Ryan (Stage).png,ãƒ©ã‚¤ã‚¢ãƒ³ (Ryan),1987-04-11,High School,Miho,Ines Fujin,163,B87 W57 H86,24.5cm,Slight increase (the weightlifting's working!),ã‚ãŸã— (Atashi),ãƒˆãƒ¬ãƒ¼ãƒŠãƒ¼ã•ã‚“ (Trainer-san),[[wikipedia:ja:åœŸå¸«äºœæ–‡|åœŸå¸«äºœæ–‡]] (Afumi Hashi),Mejiro Ryan (Icon).png,14BAAE,7C4D3A,IRL:Mejiro Ryan,,,,
Mihono_Bourbon,1026,ãƒŸãƒ›ãƒãƒ–ãƒ«ãƒœãƒ³,,Mihono Burubon,ç¾æµ¦æ³¢æ—,,,,Child of the Slope,Mihono Bourbon (Main).png,Mihono Bourbon (Race).png,Mihono Bourbon (Proto).png,Mihono Bourbon (Stage).png,ãƒ–ãƒ«ãƒœãƒ³ (Bourbon),1989-04-25,High School,Ritto,Nishino Flower,160,B86 W54 H87,24cm,No change,ç§ (Watashi),ãƒã‚¹ã‚¿ãƒ¼ (Master),[[Ikumi Hasegawa]],Mihono Bourbon (Icon).png,EE60A1,F0ED41,IRL:Mihono Bourbon,,,,
Mr._C.B.,1057,ãƒŸã‚¹ã‚¿ãƒ¼ã‚·ãƒ¼ãƒ“ãƒ¼,,Misutaa Shii Bii,åƒæ˜ä»£è¡¨,,,,Director of Turf,Mr. C.B. (Main).png,Mr. C.B. (Race).png,Mr. C.B. (Proto).png,Mr. C.B. (Stage).png,ã‚·ãƒ¼ãƒ“ãƒ¼ (C.B.),1980-04-07,High School,Ritto,,166,B84 W55 H80,25cm,No change,ã‚¢ã‚¿ã‚· (Atashi),ã‚­ãƒŸ (Kimi),[[Yurina Amami]],Mr. C.B. (Icon).png,6FC346,FBE122,IRL:Mr. C.B.,,Party Dash:Mr. C.B.,,
Nakayama_Festa,1049,ãƒŠã‚«ãƒ¤ãƒãƒ•ã‚§ã‚¹ã‚¿,,nakayama fesuta,ä¸­å±±æ…¶å…¸,,,,A Natural Gambler,Nakayama Festa (Main).png,Nakayama Festa (Race).png,Nakayama Festa (Proto).png,Nakayama Festa (Stage).png,ãƒŠã‚«ãƒ¤ãƒ (Nakayama),2006-04-05,High School,Miho,Sirius Symboli,159,B78 W54 H79,24cm,Doesn't hinder racing,ç§ (Watashi),ã‚¢ãƒ³ã‚¿ (Anta),[[Shino Shimoji]],Nakayama Festa (Icon).png,C0453F,236192,IRL:Nakayama Festa,ğŸ€„ï¸,,,
Narita_Brian,1016,ãƒŠãƒªã‚¿ãƒ–ãƒ©ã‚¤ã‚¢ãƒ³,,Narita Buraian,æˆç”°ç™½ä»,,,,A Monster that Fears no Shadow,Narita Brian (Main).png,Narita Brian (Race).png,Narita Brian (Proto).png,Narita Brian (Stage).png,ãƒ–ãƒ©ã‚¤ã‚¢ãƒ³ (Brian),1991-05-03,High School,Ritto,Tanino Gimlet,160,B91 W58 H85,24.5cm,No impediment to racing,ç§ (Watashi),"ã‚¢ãƒ³ã‚¿ã€ãƒˆãƒ¬ãƒ¼ãƒŠãƒ¼ (Anta, Trainer)",[[Rika Kinugawa]],Narita Brian (Icon).png,75358C,D638A3,IRL:Narita Brian,ğŸŒ±,Party Dash:Narita Brian,,
Narita_Taishin,1050,ãƒŠãƒªã‚¿ã‚¿ã‚¤ã‚·ãƒ³,,Narita Taishin,æˆç”°å¤§é€²,,,,Reversal Umamusume,Narita Taishin (Main).png,Narita Taishin (Race).png,Narita Taishin (Proto).png,Narita Taishin (Stage).png,ã‚¿ã‚¤ã‚·ãƒ³ (Taishin),1990-06-10,High School,Ritto,Super Creek,145,B69 W50 H73,20.5cm,Refused measurement,ã‚¢ã‚¿ã‚· (Atashi),ã‚¢ãƒ³ã‚¿ (Anta),[[Keiko Watanabe]],Narita Taishin (Icon).png,E575CE,F3DD6D,IRL:Narita Taishin,,,,
Narita_Top_Road,1077,ãƒŠãƒªã‚¿ãƒˆãƒƒãƒ—ãƒ­ãƒ¼ãƒ‰,,,æˆç”°è·¯,,,,Lovely Stayer,Narita Top Road (Main).png,Narita Top Road (Race).png,Narita Top Road (Proto).png,Narita Top Road (Stage).png,ãƒˆãƒƒãƒ—ãƒ­ãƒ¼ãƒ‰ (Top Road)<br>å§”å“¡é•· (President),1996-04-04,High School,Ritto,Jungle Pocket,166,B86 W56 H83,"L26.5cm, R26cm",Ideal,ç§ (Watashi),ãƒˆãƒ¬ãƒ¼ãƒŠãƒ¼ã•ã‚“ (Trainer-san),[[Kanna Nakamura]],Narita Top Road (Icon).png,ea5bc0,8f3d7d,IRL:Narita Top Road,âš½ï¸,,,
Neo_Universe,1105,ãƒã‚ªãƒ¦ãƒ‹ãƒ´ã‚¡ãƒ¼ã‚¹,,Neo Yunivaasu,æ–°å®‡å®™,,,,Cosmic-Verse,Neo Universe (Main).png,Neo Universe (Race).png,Neo Universe (Proto).png,Neo Universe (Stage).png,ãƒ¦ãƒ‹ãƒ´ã‚¡ãƒ¼ã‚¹ (Universe)<br>ãƒ¦ãƒ‹ (Yuni),2000-05-21,High School,Ritto,Still in Love,160,B79 W52 H77,23.5cm,Universal secret,"ãƒã‚ªãƒ¦ãƒ‹ãƒ´ã‚¡ãƒ¼ã‚¹ã€ç§ (Neo Universe, Watashi)",ãƒˆãƒ¬ãƒ¼ãƒŠãƒ¼ (Trainer),[[Haruka Shiraishi]],Neo Universe (Icon).png,5abae6,f8db55,IRL:Neo Universe,,,,
Nice_Nature,1060,ãƒŠã‚¤ã‚¹ãƒã‚¤ãƒãƒ£,,Naisu Neicha,å„ªç§€ç´ è³ª,,å¥½å“æ€§,,The Loveable Supporting Character,Nice Nature (Main).png,Nice Nature (Race).png,Nice Nature (Proto).png,Nice Nature (Stage).png,ãƒã‚¤ãƒãƒ£ (Nature),1988-04-16,Middle School,Ritto,Marvelous Sunday,157,B79 W56 H80,22cm,No changes,"ã‚¢ã‚¿ã‚·ã€ãƒã‚¤ãƒãƒ£ã•ã‚“ (Atashi, Nature-san)","ã‚¢ãƒ³ã‚¿ã€ãƒˆãƒ¬ãƒ¼ãƒŠãƒ¼ã•ã‚“ (Anta, Trainer-san)",[[Kaori Maeda]],Nice Nature (Icon).png,28A959,B82720,IRL:Nice Nature,ğŸ¥‰,,,
Nishino_Flower,1051,ãƒ‹ã‚·ãƒãƒ•ãƒ©ãƒ¯ãƒ¼,,Nishino Furawaa,è¥¿é‡èŠ±,,,,Genius Little Girl,Nishino Flower (Main).png,Nishino Flower (Race).png,Nishino Flower (Proto).png,Nishino Flower (Stage).png,ãƒ•ãƒ©ãƒ¯ãƒ¼ (Flower),1989-04-19,Middle School,Ritto,Mihono Bourbon,135,B67 W48 H70,18.5cm,No change,ç§ (Watashi),ãƒˆãƒ¬ãƒ¼ãƒŠãƒ¼ã•ã‚“ (Trainer-san),[[Haruna Kawai]],Nishino Flower (Icon).png,E26ECB,F6EB61,IRL:Nishino Flower,ğŸŒ¼,,,
No_Reason,1096,ãƒãƒ¼ãƒªãƒ¼ã‚ºãƒ³,,Noo Riizun,è«åå…¶å¦™,,,,,No Reason (Main).png,No Reason (Race).png,,No Reason (Stage).png,,2021-06-04,,Ritto,Yaeno Muteki,160,B80 W56 H85,,Tends to be messy?,Washi (ãƒ¯ã‚·),Gunshi (è»å¸«),[[Hiyori Kono]],No Reason (Icon).png,cb243e,9ad2f5,IRL:No Reason,,,,
North_Flight,1082,ãƒãƒ¼ã‚¹ãƒ•ãƒ©ã‚¤ãƒˆ,,Noosu Furaito,åŒ—æ–¹é£›ç¿”,,,,,North Flight (Main).png,North Flight (Race).png,North Flight (Proto).png,North Flight (Stage).png,Fuu-chan,1990-04-12,High School,Ritto,Aston Machan,156,B82 W51 H80,24.5cm,Growing,,,[[Maria Sashide]],North Flight (Icon).png,ca3b61,32b5d6,IRL:North Flight,ğŸ‘—,,,
Oguri_Cap,1006,ã‚ªã‚°ãƒªã‚­ãƒ£ãƒƒãƒ—,,oguri kyappu,å°æ —å¸½,,,,Idol Umamusume,Oguri Cap (Main).png,Oguri Cap (Race).png,Oguri Cap (Proto).png,Oguri Cap (Stage).png,ã‚ªã‚°ãƒª (Oguri),1985-03-27,High School,Ritto,Tamamo Cross,167,B82 W57 H82,27cm,Slight increase (overate),ç§ (Watashi),"ã‚­ãƒŸã€ãƒˆãƒ¬ãƒ¼ãƒŠãƒ¼ (Kimi, Trainer)",[[Tomoyo Takayanagi]],Oguri Cap (Icon).png,3A7AD2,ECE7E7,IRL:Oguri Cap,ğŸš,Party Dash:Oguri Cap,,
Orfevre,1115,ã‚ªãƒ«ãƒ•ã‚§ãƒ¼ãƒ´ãƒ«,,Orufeevuru,é»ƒé‡‘å·¨åŒ ,,,,,Orfevre (Main).png,Orfevre (Race).png,Orfevre (Proto).png,Orfevre (Stage).png,,2021-05-14,High School,Ritto,Dream Journey,165,B82 W55 H80,,,"ä½™ã€ç§ (Yo, Watashi)",,[[Yoko Hikasa]],Orfevre (Icon).png,be4134,ecd898,IRL:Orfevre,ğŸ‘‘,,,
Rhein_Kraft,1109,ãƒ©ã‚¤ãƒ³ã‚¯ãƒ©ãƒ•ãƒˆ,,Rain Kurafuto,èŠèŒµåŠ›é‡,,,,Blossoming Pioneer,Rhein Kraft (Main).png,Rhein Kraft (Race).png,,Rhein Kraft (Stage).png,ã‚¯ãƒ©ãƒ•ãƒˆ (Kraft),2021-04-04,Middle School,Ritto,Cesario,157,B85 W55 H83,"L23.5cm, R23cm",Comfy,ã‚ãŸã— (Watashi),ãƒˆãƒ¬ãƒ¼ãƒŠãƒ¼ã•ã‚“ (Trainer-san),[[Nanae Kojima]],Rhein Kraft (Icon).png,f15b75,2c9679,IRL:Rhein Kraft,â˜€,,,
Rice_Shower,1030,ãƒ©ã‚¤ã‚¹ã‚·ãƒ£ãƒ¯ãƒ¼,,Raisu Shawaa,ç±³æµ´,,,,Black Assassin,Rice Shower (Main).png,Rice Shower (Race).png,Rice Shower (Proto).png,Rice Shower (Stage).png,ãƒ©ã‚¤ã‚¹ (Rice),1989-03-05,High School,Miho,Zenno Rob Roy,145,B75 W51 H76,21cm,No change,ãƒ©ã‚¤ã‚¹ (Rice),"ãŠå…„ã•ã¾ã€ãŠå§‰ã•ã¾ (Oniisama, Oneesama)",[[Manaka Iwami]],Rice Shower (Icon).png,384A86,CA3E6D,IRL:Rice Shower,ğŸŒ¹,,,
Royce_and_Royce,1103,ãƒ­ã‚¤ã‚¹ã‚¢ãƒ³ãƒ‰ãƒ­ã‚¤ã‚¹,,Roisu ando Roisu,èŠæ–¯èŠæ–¯,,,,,Royce and Royce (Main).png,Royce and Royce (Race).png,,Royce and Royce (Stage).png,,2021-03-10,Middle School,Miho,,159,B83 W56 H82,,Strongest Style,,,[[Rui Tanabe]],Royce and Royce (Icon).png,e69a22,cc382e,IRL:Royce and Royce,ğŸ“,Party Dash:Royce and Royce,,
Sakura_Bakushin_O,1041,ã‚µã‚¯ãƒ©ãƒã‚¯ã‚·ãƒ³ã‚ªãƒ¼,,Sakura Bakushin Oo,æ«»èŠ±é€²ç‹ / æ«»èŠ±é©€é€²ç‹,,,,Ruler of Dashing,Sakura Bakushin O (Main).png,Sakura Bakushin O (Race).png,Sakura Bakushin O (Proto).png,Sakura Bakushin O (Stage).png,ãƒã‚¯ã‚·ãƒ³ã‚ªãƒ¼ (Bakushin O),1989-04-14,High School,Miho,,158,B83 W55 H83,24cm,No change,ç§ (Watashi),ãƒˆãƒ¬ãƒ¼ãƒŠãƒ¼ã•ã‚“ (Trainer-san),[[Sachika Misawa]],Sakura Bakushin O (Icon).png,EE6FAB,F2D4D7,IRL:Sakura Bakushin O,,,,
Sakura_Chitose_O,,ã‚µã‚¯ãƒ©ãƒãƒˆã‚»ã‚ªãƒ¼,,sakura chitose oo,æ«»èŠ±åƒæ­²ç‹,,,,,Sakura Chitose O (Main).png,,,,,2021-05-11,,,,164,B84 W56 H84,,Neat,,,[[Riko Akechi]],Sakura Chitose O (Icon).png,FA83CB,D8C8D1,IRL:Sakura Chitose O,,,,
Sakura_Chiyono_O,1069,ã‚µã‚¯ãƒ©ãƒãƒ¨ãƒã‚ªãƒ¼,,Sakura Chiyono Oo,æ«»èŠ±åƒä»£ç‹,,,,Blooming Cherry Blossom,Sakura Chiyono O (Main).png,Sakura Chiyono O (Race).png,Sakura Chiyono O (Proto).png,Sakura Chiyono O (Stage).png,ãƒãƒ¨ãƒã‚ªãƒ¼ (Chiyono O)<br>ãƒãƒ¨ (Chiyo),1985-02-19,High School,Miho,Mejiro Ardan,156,B80 W55 H83,22cm,Slight decrease,ç§ (Watashi),ãƒˆãƒ¬ãƒ¼ãƒŠãƒ¼ã•ã‚“ (Trainer-chan),[[Ruriko Noguchi]],Sakura Chiyono O (Icon).png,f9879d,f7dde2,IRL:Sakura Chiyono O,,,,
Sakura_Laurel,1076,ã‚µã‚¯ãƒ©ãƒ­ãƒ¼ãƒ¬ãƒ«,,Sakura Rooreru,æ«»èŠ±æ¡‚å† ,,,,Large Late-Blooming Cherry Blossom,Sakura Laurel (Main).png,Sakura Laurel (Race).png,,Sakura Laurel (Stage).png,ãƒ­ãƒ¼ãƒ¬ãƒ« (Laurel),1991-05-08,High School,Miho,Seiun Sky,162,B78 W54 H80,23cm,Perfect,ç§ (Watashi),ãƒˆãƒ¬ãƒ¼ãƒŠãƒ¼ã•ã‚“ (Trainer-san),[[Mizuki Mano]],Sakura Laurel (Icon).png,f0638a,fecdc9,IRL:Sakura Laurel,ğŸŒ¸,Party Dash:Sakura Laurel,,
Samson_Big,,ã‚µãƒ ã‚½ãƒ³ãƒ“ãƒƒã‚°,,Samuson Biggu,å¤§æ£®éœ,,,,,Samson Big (Main).png,Samson Big (Race).png,,Samson Big (Stage).png,,2021-04-14,,Ritto,,143,B72 W51 H72,,,,,[[Miyari Nemoto]],Samson Big (Icon).png,3dc3c2,f0688e,IRL:Samson Big,,Party Dash:Samson Big,,
Satono_Crown,1088,ã‚µãƒˆãƒã‚¯ãƒ©ã‚¦ãƒ³,,Satono Kuraun,é‡Œè¦‹çš‡å† ,,,,Magic Crown,Satono Crown (Main).png,Satono Crown (Race).png,Satono Crown (Proto).png,Satono Crown (Stage).png,ã‚¯ãƒ© (Kura)<br>ã‚¯ãƒ©ã‚¦ãƒ³ (Crown),2012-03-10,Middle School,Miho,Duramente,163,B82 W53 H81,24cm,Confidential,ç§ (Watashi),ãƒˆãƒ¬ãƒ¼ãƒŠãƒ¼ (Trainer),[[Sayumi Suzushiro]],Satono Crown (Icon).png,21713A,F3F19D,IRL:Satono Crown,,Party Dash:Satono Crown,,
Satono_Diamond,1067,ã‚µãƒˆãƒãƒ€ã‚¤ãƒ¤ãƒ¢ãƒ³ãƒ‰,,Satono Daiyamondo,é‡Œè¦‹å…‰é‘½,,,,A Dream-Chasing Gem,Satono Diamond (Main).png,Satono Diamond (Race).png,Satono Diamond (Proto).png,Satono Diamond (Stage).png,ãƒ€ã‚¤ãƒ¤ (Dia)<br>ã‚µãƒˆãƒ (Satono),2013-01-30,Middle School,Ritto,Kitasan Black,158,B87 W54 H84,21cm,There's no change?,"ç§ã€ãƒ€ã‚¤ãƒ¤ (Watashi, Dia)",ãƒˆãƒ¬ãƒ¼ãƒŠãƒ¼ã•ã‚“ (Trainer-san),[[Hina Tachibana]],Satono Diamond (Icon).png,94bf01,f9eb39,IRL:Satono Diamond,ğŸ’,Party Dash:Satono Diamond,,
Seeking_the_Pearl,1042,ã‚·ãƒ¼ã‚­ãƒ³ã‚°ã‚¶ãƒ‘ãƒ¼ãƒ«,,Shiikingu za Paaru,æ¡ç ,,,,A Sparkling Pearl,Seeking the Pearl (Main).png,Seeking the Pearl (Race).png,Seeking the Pearl (Proto).png,Seeking the Pearl (Stage).png,ãƒ‘ãƒ¼ãƒ« (Pearl),1994-04-16,High School,Ritto,Kawakami Princess,168,B91 W57 H87,24.5cm,Worldwide perfection,"ç§ã€ã“ã®ãƒ‘ãƒ¼ãƒ«å§‰ã•ã‚“ (Watashi, Kono Pearl-Neesan)",ãƒˆãƒ¬ãƒ¼ãƒŠãƒ¼ (Trainer),[[Ayaka Fukuhara]],Seeking the Pearl (Icon).png,B02D40,1690D4,IRL:Seeking the Pearl,,,,
Seiun_Sky,1020,ã‚»ã‚¤ã‚¦ãƒ³ã‚¹ã‚«ã‚¤,,Seiun Sukai,é’é›²å¤©ç©º,,,,Trickster,Seiun Sky (Main).png,Seiun Sky (Race).png,Seiun Sky (Proto).png,Seiun Sky (Stage).png,ã‚¹ã‚«ã‚¤ (Sky)<br>ã‚»ã‚¤ (Sei),1996-04-26,Middle School,Miho,Sakura Laurel,155,B77 W55 H80,22.5cm,Undeclared,"ç§ã€ã‚»ã‚¤ã¡ã‚ƒã‚“ (Watashi, Sei-chan)","ã‚ãªãŸã€ãƒˆãƒ¬ãƒ¼ãƒŠãƒ¼ã•ã‚“ (Anata, Trainer-san)",[[Akari Kito]],Seiun Sky (Icon).png,65D283,F4DA40,IRL:Seiun Sky,,Party Dash:Seiun Sky,,
Shinko_Windy,1043,ã‚·ãƒ³ã‚³ã‚¦ã‚¦ã‚¤ãƒ³ãƒ‡ã‚£,,Shinkou Uindi,æ–°å…‰é¢¨,,,,Biting Mischievous Girl,Shinko Windy (Main).png,Shinko Windy (Race).png,Shinko Windy (Proto).png,Shinko Windy (Stage).png,ã‚¦ã‚¤ãƒ³ãƒ‡ã‚£ (Windy),1993-04-14,High School,Miho,,152,B77 W57 H88,22.5cm,No change,ã‚¦ã‚¤ãƒ³ãƒ‡ã‚£ã¡ã‚ƒã‚“ (Windy-chan),ãƒˆãƒ¬ãƒ¼ãƒŠãƒ¼ (Trainer),[[Yuuki Takada]],Shinko Windy (Icon).png,63666A,6F2678,IRL:Shinko Windy,ğŸº,,,
Silence_Suzuka,1002,ã‚µã‚¤ãƒ¬ãƒ³ã‚¹ã‚¹ã‚ºã‚«,,Sairensu Suzuka,ç„¡è²éˆ´é¹¿,,ç„¡è²éˆ´é¹¿,,Runaway from Another Dimension,Silence Suzuka (Main).png,Silence Suzuka (Race).png,Silence Suzuka (Proto).png,Silence Suzuka (Stage).png,ã‚¹ã‚ºã‚« (Suzuka),1994-05-01,High School,Ritto,Special Week,161,B70 W53 H79,"L23.5cm, R23cm",No change,ç§ (Watashi),ãƒˆãƒ¬ãƒ¼ãƒŠãƒ¼ã•ã‚“ (Trainer-san),[[Marika Kono]],Silence Suzuka (Icon).png,29BD70,FFCE48,IRL:Silence Suzuka,,Party Dash:Silence Suzuka,,
Sirius_Symboli,1070,ã‚·ãƒªã‚¦ã‚¹ã‚·ãƒ³ãƒœãƒª,,Shirusu Shinbori,å¤©ç‹¼æ˜Ÿè±¡å¾µ,,,,Brilliant Alpha Canus Majoris,Sirius Symboli (Main).png,Sirius Symboli (Race).png,Sirius Symboli (Proto).png,Sirius Symboli (Stage).png,ã‚·ãƒªã‚¦ã‚¹ (Sirius),1982-03-26,High School,Miho,Nakayama Festa,167,B89 W55 H86,25cm,Not interested,ç§ (Watashi),"ã‚¢ãƒ³ã‚¿ã€ãƒˆãƒ¬ãƒ¼ãƒŠãƒ¼ (Anta, Trainer)",[[Fairouz Ai]],Sirius Symboli (Icon).png,248379,e3628c,IRL:Sirius Symboli,,,,
Smart_Falcon,1046,ã‚¹ãƒãƒ¼ãƒˆãƒ•ã‚¡ãƒ«ã‚³ãƒ³,,Sumaato Farukon,é†’ç›®é£›é·¹,,,,Falcon of the Sand,Smart Falcon (Main).png,Smart Falcon (Race).png,Smart Falcon (Proto).png,Smart Falcon (Stage).png,ãƒ•ã‚¡ãƒ«å­ (Falko)<br>ãƒ•ã‚¡ãƒ«ã‚³ãƒ³ (Falcon),2005-04-04,High School,Ritto,Eishin Flash,156,B78 W55 H80,23cm,Slight decrease (on a tight budget),"ãƒ•ã‚¡ãƒ«å­ã€ç§ (Falko, Watashi)",ãƒˆãƒ¬ãƒ¼ãƒŠãƒ¼ã•ã‚“ (Trainer-san),[[Hitomi Owada]],Smart Falcon (Icon).png,F8587B,403A35,IRL:Smart Falcon,,,,
Sounds_of_Earth,1102,ã‚µã‚¦ãƒ³ã‚ºã‚ªãƒ–ã‚¢ãƒ¼ã‚¹,,Saunzu obu Aasu,è¬ç±Ÿçˆ­é³´,,,,,Sounds of Earth (Main).png,Sounds of Earth (Race).png,,Sounds of Earth (Stage).png,Earth (ã‚¢ãƒ¼ã‚¹),2011-04-12,Middle School,Ritto,,161,B80 W52 H81,24.5cm,Benissimo!,ç§ (Watashi),"ãƒˆãƒ¬ãƒ¼ãƒŠãƒ¼ (Trainer), ãƒ‡ã‚£ãƒ¬ãƒƒãƒˆãƒ¬ (Direttore)",[[MAKIKO]],Sounds of Earth (Icon).png,ca4640,305991,IRL:Sounds of Earth,ğŸ¼,Party Dash:Sounds of Earth,,
Special_Week,1001,ã‚¹ãƒšã‚·ãƒ£ãƒ«ã‚¦ã‚£ãƒ¼ã‚¯,,supesharu uiiku,ç‰¹åˆ¥é€±,,ç‰¹åˆ¥é€±,ìŠ¤í˜ì…œ ìœ„í¬,Supreme Commander of Japan,Special Week (Main).png,Special Week (Race).png,Special Week (Proto).png,Special Week (Stage).png,ã‚¹ãƒš (Spe),1995-05-02,Middle School,Ritto,Silence Suzuka,158,B81 W56 H81,"L23.5cm, R23cm",Slight decrease (pre-race nerves),ç§ (Watashi),ãƒˆãƒ¬ãƒ¼ãƒŠãƒ¼ã•ã‚“ (Trainer-san),[[Azumi Waki]],Special Week (Icon).png,EE6DCB,FFDEF9,IRL:Special Week,,Party Dash:Special Week,,
Stay_Gold,1135,ã‚¹ãƒ†ã‚¤ã‚´ãƒ¼ãƒ«ãƒ‰,,sutei goorudo,é»ƒé‡‘æ—…ç¨‹,,,,,Stay Gold (Main).png,Stay Gold (Race).png,,,"ã‚¹ãƒ†ã‚´ (Stego), ã‚¢ãƒã‚´ (Anego)",1994-03-24,High School,Ritto,,142,B67 W49 H68,,Doesn't gain weight even if she eats,ç§ (Watashi),,[[wikipedia:Satsumi Matsuda|Satsumi Matsuda]] ([[wikipedia:ja:æ¾ç”°é¢¯æ°´|æ¾ç”°é¢¯æ°´]]),Stay Gold (Icon).png,bfb33e,49699c,IRL:Stay Gold,,,,
Still_in_Love,1097,ã‚¹ãƒ†ã‚£ãƒ«ã‚¤ãƒ³ãƒ©ãƒ–,,Sutiru in Rabu,æ„›å¦‚å¾€æ˜”,,,,,Still in Love (Main).png,Still in Love (Race).png,Still in Love (Proto).png,Still in Love (Stage).png,,2000-05-02,Middle School,Ritto,Neo Universe,153,B72 W50 H76,,Charming,ç§/ãƒ¯ã‚¿ã‚· (watashi),ãƒˆãƒ¬ãƒ¼ãƒŠãƒ¼ã•ã‚“ (Trainer-san),[[Saki Miyashita]],Still in Love (Icon).png,d83a43,6fbbf1,IRL:Still in Love,,Party Dash:Still in Love,,
Super_Creek,1045,ã‚¹ãƒ¼ãƒ‘ãƒ¼ã‚¯ãƒªãƒ¼ã‚¯,,Suupaa Kuriiku,è¶…ç´šå°æµ·ç£ / è¶…ç´šå°æºª,è¶…ç´šæºªæµ,,,High-speed Stayer,Super Creek (Main).png,Super Creek (Race).png,Super Creek (Proto).png,Super Creek (Stage).png,ã‚¯ãƒªãƒ¼ã‚¯ (Creek),1985-05-27,High School,Ritto,Narita Taishin,168,B97 W61 H91,25.5cm,Slight increase (the reason is a secret),"ç§ã€ãƒãƒ (Watashi, Mama)",ãƒˆãƒ¬ãƒ¼ãƒŠãƒ¼ã•ã‚“ (Trainer-san),[[Kana Yuuki]],Super Creek (Icon).png,5693DA,C8C9C7,IRL:Super Creek,ğŸ¬,,,
Sweep_Tosho,1044,ã‚¹ã‚¤ãƒ¼ãƒ—ãƒˆã‚¦ã‚·ãƒ§ã‚¦,,Suiipu Toushou,æ±å•†è®Šé©,,,,Selfish Magical Girl,Sweep Tosho (Main).png,Sweep Tosho (Race).png,Sweep Tosho (Proto).png,Sweep Tosho (Stage).png,ã‚¹ã‚¤ãƒ¼ãƒ— (Sweep)<br>ã‚¹ã‚¤ãƒ¼ãƒ”ãƒ¼ (Sweepy),2001-05-09,Middle School,Ritto,,139,B72 W53 H73,19cm,Completely rejects measurement,"ã‚¢ã‚¿ã‚·ã€ã“ã®ã‚¹ã‚¤ãƒ¼ãƒ”ãƒ¼ (Atashi, Kono Sweepy)",ä½¿ã„é­” (Familiar),[[Shiori Sugiura]],Sweep Tosho (Icon).png,926DDA,BC204B,IRL:Sweep Tosho,ğŸ§™â€â™€ï¸,Party Dash:Sweep Tosho,,
Symboli_Kris_S,1083,ã‚·ãƒ³ãƒœãƒªã‚¯ãƒªã‚¹ã‚¨ã‚¹,,Shinbori Kurisu Esu,å…‹è‰æ–¯è€¶çµ²è±¡å¾µ,,å‰å…†,,Jet Black Monarch,Symboli Kris S (Main).png,Symboli Kris S (Race).png,Symboli Kris S (Proto).png,Symboli Kris S (Stage).png,ã‚¯ãƒªã‚¹ã‚¨ã‚¹ (Kris S)<br>ã‚¯ãƒªã‚¹ (Kris),1999-01-21,High School,Miho,Mejiro Ramonu,170,B91 W58 H88,27.5cm,Incredible,ç§ (Watashi),ãƒˆãƒ¬ãƒ¼ãƒŠãƒ¼ (Trainer),[[Meiku Harukawa]],Symboli Kris S (Icon).png,12762f,292d45,IRL:Symboli Kris S,ğŸ„,,,
Symboli_Rudolf,1017,ã‚·ãƒ³ãƒœãƒªãƒ«ãƒ‰ãƒ«ãƒ•,,Shinbori Rudorufu,é­¯é“å¤«è±¡å¾µ / é­¯é¸è±¡å¾µ,,æ¨‚å¤šå¯Œ,,Emperor,Symboli Rudolf (Main).png,Symboli Rudolf (Race).png,Symboli Rudolf (Proto).png,Symboli Rudolf (Stage).png,ä¼šé•· (President)<br>ãƒ«ãƒ‰ãƒ«ãƒ• (Rudolf),1981-03-13,High School,Miho,,165,B86 W59 H85,25cm,Nearly ideal,ç§ (Watashi),ãƒˆãƒ¬ãƒ¼ãƒŠãƒ¼å› (Trainer-kimi),[[Azusa Tadokoro]],Symboli Rudolf (Icon).png,1C7763,C6314B,IRL:Symboli Rudolf,7âƒ£,Party Dash:Symboli Rudolf,,
T.M._Opera_O,1015,ãƒ†ã‚¤ã‚¨ãƒ ã‚ªãƒšãƒ©ã‚ªãƒ¼,,Tei Emu Opera Oo,å¥½æ­ŒåŠ‡,,,,Supreme Ruler of Century's End,T.M. Opera O (Main).png,T.M. Opera O (Race).png,T.M. Opera O (Proto).png,T.M. Opera O (Stage).png,ã‚ªãƒšãƒ©ã‚ªãƒ¼ (Opera O)<br>ã‚ªãƒš (Ope),1996-03-13,Middle School,Ritto,Biwa Hayahide,156,B76 W55 H80,23cm,Perpetually perfect (according to herself),ãƒœã‚¯ (Boku),ãƒˆãƒ¬ãƒ¼ãƒŠãƒ¼å› (Trainer-kun),[[Sora Tokui]],T.M. Opera O (Icon).png,F271C4,FBE415,IRL:T.M. Opera O,ğŸ‘‘,,,
Taiki_Shuttle,1010,ã‚¿ã‚¤ã‚­ã‚·ãƒ£ãƒˆãƒ«,,Taiki Shatoru,å¤§æ¨¹å¿«è»Š,,,,Strongest Miler,Taiki Shuttle (Main).png,Taiki Shuttle (Race).png,Taiki Shuttle (Proto).png,Taiki Shuttle (Stage).png,ã‚¿ã‚¤ã‚­ (Taiki),1994-03-23,High School,Miho,Mejiro Dober,172,B94 W59 H90,25cm,Slight increase (but it's no problem!),ãƒ¯ã‚¿ã‚· (Watashi),ãƒˆãƒ¬ãƒ¼ãƒŠãƒ¼ã•ã‚“ (Trainer-san),[[Yuka Otsubo]],Taiki Shuttle (Icon).png,73C032,FFAC42,IRL:Taiki Shuttle,,,,
Tamamo_Cross,1021,ã‚¿ãƒãƒ¢ã‚¯ãƒ­ã‚¹,,Tamamo Kurosu,ç‰è—»åå­—,,,,White Lightning,Tamamo Cross (Main).png,Tamamo Cross (Race).png,Tamamo Cross (Proto).png,Tamamo Cross (Stage).png,ã‚¿ãƒãƒ¢ (Tamamo)<br>ã‚¿ãƒ (Tama),1984-05-23,High School,Ritto,Oguri Cap,140,B71 W52 H73,"L19.5cm, R20cm",Unmeasurable,"ã‚¦ãƒã€ã“ã®ã‚¿ãƒãƒ¢ã‚¯ãƒ­ã‚¹æ§˜ (Uchi, Kono Tamamo Cross-sama)","ã‚¢ãƒ³ã‚¿ã€ãƒˆãƒ¬ãƒ¼ãƒŠãƒ¼ (Anta, Trainer)",[[Naomi Ozora]],Tamamo Cross (Icon).png,3290D6,C6DAE7,IRL:Tamamo Cross,,,,
Tanino_Gimlet,1084,ã‚¿ãƒ‹ãƒã‚®ãƒ ãƒ¬ãƒƒãƒˆ,,tanino gimuretto,è°·æ°´ç´è•¾,,è°·é‡ç¾é…’,,Aesthetic God of Destruction,Tanino Gimlet (Main).png,Tanino Gimlet (Race).png,Tanino Gimlet (Proto).png,Tanino Gimlet (Stage).png,,1999-05-04,High School,Ritto,Narita Brian,166,B77 W56 H79,"L24.5cm, R24cm",Perfect,"ä¿ºã€ãƒ¯ã‚¿ã‚· (Ore, Watashi)","ã‚¢ãƒ³ã‚¿ã€ã‚ªãƒã‚¨ (Anta, Omae)",[[Misato Matsuoka]],Tanino Gimlet (Icon).png,dab610,173061,IRL:Tanino Gimlet,ğŸ¸,,,
Tap_Dance_City,1107,ã‚¿ãƒƒãƒ—ãƒ€ãƒ³ã‚¹ã‚·ãƒãƒ¼,,Tappu Dansu Shichii,è·³èˆåŸ / è¸¢è¸åŸå¸‚,,,,,Tap Dance City (Main).png,Tap Dance City (Race).png,Tap Dance City (Proto).png,Tap Dance City (Stage).png,Dream-chasing Dancer,1997-03-16,High School,Ritto,Daitaku Helios,170,B89 W55 H88,25cm,I don't care,ã‚¢ã‚¿ã‚· (Atashi),,[[Minami Shinoda]],Tap Dance City (Icon).png,d44853,4840ad,IRL:Tap Dance City,,,,
Tokai_Teio,1003,ãƒˆã‚¦ã‚«ã‚¤ãƒ†ã‚¤ã‚ªãƒ¼,,Toukai Teioo,æ±æµ·å¸çš‡,,,,Monarch,Tokai Teio (Main).png,Tokai Teio (Race).png,Tokai Teio (Proto).png,Tokai Teio (Stage).png,,1988-04-20,Middle School,Ritto,Mayano Top Gun,150,B77 W54 H76,22cm,No change,"ãƒœã‚¯ã€ãƒ¯ã‚¬ãƒã‚¤ (Boku, Wagahai)",ãƒˆãƒ¬ãƒ¼ãƒŠãƒ¼ (Trainer),[[Machico]],Tokai Teio (Icon).png,3376D2,FF99D0,IRL:Tokai Teio,,Party Dash:Tokai Teio,,
Tosen_Jordan,1048,ãƒˆãƒ¼ã‚»ãƒ³ã‚¸ãƒ§ãƒ¼ãƒ€ãƒ³,,Toosen Joodan,å³¶å·å–¬ç™»,,æ±ç€›ä½æ•¦,,Gyaru Who Hates to Lose,Tosen Jordan (Main).png,Tosen Jordan (Race).png,Tosen Jordan (Proto).png,Tosen Jordan (Stage).png,,2006-02-04,High School,Ritto,Winning Ticket,157,B82 W56 H84,"L23cm, R22.5cm",No comment,ã‚ãŸã— (Atashi),"ã‚¢ãƒ³ã‚¿ã€ãƒˆãƒ¬ãƒ¼ãƒŠãƒ¼ (Anta, Trainer)",[[Eri Suzuki]],Tosen Jordan (Icon).png,25B8AE,1C57B9,IRL:Tosen Jordan,ğŸ€,,,
Transcend,1080,ãƒˆãƒ©ãƒ³ã‚»ãƒ³ãƒ‰,,Toransendo,å‰µæ˜‡,,,,Seeker of the Unknown,Transcend (Main).png,Transcend (Race).png,Transcend (Proto).png,Transcend (Stage).png,,2021-03-09,High School,Ritto,Wonder Acute,164,B86 W57 H84,25.5cm,Confidential,ã‚¦ãƒ (Uchi),ãƒˆãƒ¬ãƒ¼ã¡ã‚ƒã‚“ (Tore-chan/Tray-chan),[[Yui Tsukada]],Transcend (Icon).png,13a9b0,f8475f,IRL:Transcend,,,,
Tsurumaru_Tsuyoshi,1073,ãƒ„ãƒ«ãƒãƒ«ãƒ„ãƒ¨ã‚·,,Tsurumaru Tsuyoshi,é¶´ä¸¸å‰›å¿— / é¶´ä¸¸å¼·å¿—,,,,,Tsurumaru Tsuyoshi (Main).png,Tsurumaru Tsuyoshi (Race).png,Tsurumaru Tsuyoshi (Proto).png,Tsurumaru Tsuyoshi (Stage).png,,1995-04-06,Middle School,Ritto,Mejiro Bright,160,B85 W58 H86,,,ç§ (Watashi),,[[Yoshino Aoyama]],Tsurumaru Tsuyoshi (Icon).png,8F4DAC,F5CD47,IRL:Tsurumaru Tsuyoshi,,Party Dash:Tsurumaru Tsuyoshi,,
Twin_Turbo,1066,ãƒ„ã‚¤ãƒ³ã‚¿ãƒ¼ãƒœ,,Tsuin Taabo,é›™æ¸¦è¼ª,,,,A Full-Throttle Getaway Girl,Twin Turbo (Main).png,Twin Turbo (Race).png,Twin Turbo (Proto).png,Twin Turbo (Stage).png,,1988-04-13,Middle School,Miho,Inari One,146,B72 W51 H74,"L20cm, R19.5cm",Unmeasurable,ã‚¿ãƒ¼ãƒœ (Turbo),ãƒˆãƒ¬ãƒ¼ãƒŠãƒ¼ (Trainer),[[Miharu Hanai]],Twin Turbo (Icon).png,1985d2,27b784,IRL:Twin Turbo,,,,
Verxina,1090,ãƒ´ã‚£ãƒ«ã‚·ãƒ¼ãƒŠ,,Virushiina,æ¥µå³°,,,,,Verxina (Main).png,Verxina (Race).png,,Verxina (Stage).png,,2009-03-05,Middle School,Ritto,Hokko Tarumae,158,B83 W53 H78,,,,,[[Kaya Okuno]],Verxina (Icon).png,4747cc,84c6e7,IRL:Verxina,âš¾ï¸,,,
Vivlos,1091,ãƒ´ã‚£ãƒ–ãƒ­ã‚¹,,Viburosu,å¼·æ“Š,,,,Little Devil Umamusume,Vivlos (Main).png,Vivlos (Race).png,Vivlos (Proto).png,Vivlos (Stage).png,,2013-04-09,Middle School,Ritto,Air Messiah,156,B81 W51 H86,"L22.5cm, R22cm",Stably on the low side,Watashi (ç§),Torecchi (ãƒˆãƒ¬ã£ã¡),[[Ayasa Ito]],Vivlos (Icon).png,404fb1,84d4e3,IRL:Vivlos,,,,
Vodka,1008,ã‚¦ã‚ªãƒƒã‚«,,Uokka,ä¼ç‰¹åŠ ,,,ë³´ë“œì¹´,Empress of Breaking Common Sense,Vodka (Main).png,Vodka (Race).png,Vodka (Proto).png,Vodka (Stage).png,,2004-04-04,Middle School,Ritto,Daiwa Scarlet,165,B76 W55 H78,"L24.5cm, R24cm",No change,ä¿º (Ore),"ãƒˆãƒ¬ãƒ¼ãƒŠãƒ¼ã€ç›¸æ£’ (Trainer, Aibou)",[[Ayaka Ohashi]],Vodka (Icon).png,D4C200,3DD1D7,IRL:Vodka,,Party Dash:Vodka,,
Win_Variation,1117,ã‚¦ã‚¤ãƒ³ãƒãƒªã‚¢ã‚·ã‚ªãƒ³,,Uin Bariashion,å‡±æ—‹èŠ­è•¾,,,,,Win Variation (Main).png,Win Variation (Race).png,Win Variation (Proto).png,Win Variation (Stage).png,ã‚·ã‚ªãƒ³ (Shion),2021-04-10,,Ritto,Cheval Grand,159,B76 W55 H80,23.5 cm,Increasing,,,[[Hika Tsukishiro]],Win Variation (Icon).png,c1213c,bad7f4,IRL:Win Variation,ğŸ©°,,,
Winning_Ticket,1035,ã‚¦ã‚¤ãƒ‹ãƒ³ã‚°ãƒã‚±ãƒƒãƒˆ,,Uiningu Chiketto,å‹åˆ©çåˆ¸,,,,Flag-bearer of a New Era,Winning Ticket (Main).png,Winning Ticket (Race).png,Winning Ticket (Proto).png,Winning Ticket (Stage).png,ãƒã‚±ã‚¾ãƒ¼ (Chikezou)<br>Tickezo,1990-03-21,High School,Ritto,Tosen Jordan,157,B88 W57 H85,21.5cm,No change,ã‚¢ã‚¿ã‚· (Atashi),ãƒˆãƒ¬ãƒ¼ãƒŠãƒ¼ã•ã‚“ (Trainer-san),[[Yui Watanabe]],Winning Ticket (Icon).png,DD3D5B,EDE233,IRL:Winning Ticket,,,,
Wonder_Acute,1100,ãƒ¯ãƒ³ãƒ€ãƒ¼ã‚¢ã‚­ãƒ¥ãƒ¼ãƒˆ,,Wandaa Akyuuto,å¥‡éŠ³é§¿,,,,The Refined Silver of Indomitable Perseverance,Wonder Acute (Main).png,Wonder Acute (Race).png,Wonder Acute (Proto).png,Wonder Acute (Stage).png,,2006-03-14,High School,Ritto,Transcend,159,B75 W52 H78,24.5cm,Unstable,ã‚ãŸã— (Atashi),ãƒˆãƒ¬ãƒ¼ãƒŠãƒ¼ã•ã‚“ (Trainer-san),[[wikipedia:ja:é ˆè—¤å¶å¸Œ|é ˆè—¤å¶å¸Œ]] (Kanoko Sudo),Wonder Acute (Icon).png,d85081,d8d2d9,IRL:Wonder Acute,,,,
Yaeno_Muteki,1072,ãƒ¤ã‚¨ãƒãƒ ãƒ†ã‚­,,Yaeno Muteki,å…«é‡ç„¡æ•µ,,,,Dauntless and Decisive,Yaeno Muteki (Main).png,Yaeno Muteki (Race).png,Yaeno Muteki (Proto).png,Yaeno Muteki (Stage).png,,1985-04-11,High School,Ritto,No Reason,159,B78 W54 H81,24cm,No change,ç§ (Watashi),ãƒˆãƒ¬ãƒ¼ãƒŠãƒ¼æ®¿ (Trainer-dono),[[Ayumi Hinohara]],Yaeno Muteki (Icon).png,da483a,ffda93,IRL:Yaeno Muteki,ğŸ”¥,,,
Yamanin_Zephyr,1078,ãƒ¤ãƒãƒ‹ãƒ³ã‚¼ãƒ•ã‚¡ãƒ¼,,Yamanin Zefaa,å±±äººè¥¿é¢¨,,ä¹Ÿæ–‡æ”è¼,,Incarnation of Wind,Yamanin Zephyr (Main).png,Yamanin Zephyr (Race).png,Yamanin Zephyr (Proto).png,Yamanin Zephyr (Stage).png,ãœã² (Zephy),1988-05-27,Middle School,Miho,Curren Bouquetd'or,154,B85 W52 H77,22cm,Light,ç§ (Watashi),"ãƒˆãƒ¬ãƒ¼ãƒŠãƒ¼ã•ã‚“ã€ã‚ãªãŸ (Trainer-san, Anata)",[[Riona Imaizumi]],Yamanin Zephyr (Icon).png,5192C1,AE4544,IRL:Yamanin Zephyr,ğŸƒ,,,
Yukino_Bijin,1029,ãƒ¦ã‚­ãƒãƒ“ã‚¸ãƒ³,,Yukino Bijin,é›ªä¹‹ç¾äºº,,,,Iwate's Naive Beauty,Yukino Bijin (Main).png,Yukino Bijin (Race).png,Yukino Bijin (Proto).png,Yukino Bijin (Stage).png,,1990-03-10,Middle School,Miho,Manhattan Cafe,156,B80 W55 H80,22.5cm,No change,ã‚ãŸã— (Atashi),ãƒˆãƒ¬ãƒ¼ãƒŠãƒ¼ã•ã‚“ (Trainer-san),[[Nozomi Yamamoto]],Yukino Bijin (Icon).png,AF7E51,C8D8EB,IRL:Yukino Bijin,,,,
Zenno_Rob_Roy,1047,ã‚¼ãƒ³ãƒãƒ­ãƒ–ãƒ­ã‚¤,,Zenno Robu Roi,è’æ¼ è‹±é›„,,,,Great Heroine,Zenno Rob Roy (Main).png,Zenno Rob Roy (Race).png,Zenno Rob Roy (Proto).png,Zenno Rob Roy (Stage).png,,2000-03-27,Middle School,Miho,Rice Shower,140,B89 W56 H78,21cm,No change,ç§ (Watashi),ãƒˆãƒ¬ãƒ¼ãƒŠãƒ¼ã•ã‚“ (Trainer-san),[[Haruka Terui]],Zenno Rob Roy (Icon).png,5F9B26,F3EA5D,IRL:Zenno Rob Roy,,,,
Aoi_Kiryuin,9004,æ¡ç”Ÿé™¢è‘µ,ãã‚Šã‚…ã†ã„ã‚“ã‚ãŠã„,Kiryuin Aoi,,,,,,Aoi Kiryuin (Main).png,,,,,,,,,155,,,,,,[[Miho Okasaki]],Aoi Kiryuin (Icon).png,464ed2,e48cfa,,,,,
Beauty_Anshinzawa,,ãƒ“ãƒ¥ãƒ¼ãƒ†ã‚£ãƒ¼å®‰å¿ƒæ²¢,ã³ã‚…ãƒ¼ã¦ãƒãƒ¼ã‚ã‚“ã—ã‚“ã–ã‚,Byuutii Anshinzawa,,,,,,Beauty Anshinzawa (Main).png,,,,,,,,,173,,,,,,(Most likely) [[Kikuko Inoue]],Beauty Anshinzawa (Icon).png,df4945,502A2D,,,,,
Bitter_Glasse,2002,ãƒ“ã‚¿ãƒ¼ã‚°ãƒ©ãƒƒã‚»,,Bitaa Gurasse,,,,,,Bitter Glasse (Main).png,Bitter Glasse (Race).webp,,,,,,,,160,,,,,,[[Aino Shimada]],Bitter Glasse (Icon).png,ed4f44,674445,,,,,
Byerley_Turk,9042,ãƒã‚¤ã‚¢ãƒªãƒ¼ã‚¿ãƒ¼ã‚¯,,Baiarii Taaku,,,,,,Byerley Turk (Main).png,,,,,,,,,167,,,,,,[[Mitsuki Saiga]],Byerley Turk (Icon).png,bba61d,7874c9,,,,,
Darley_Arabian,9040,ãƒ€ãƒ¼ãƒ¬ãƒ¼ã‚¢ãƒ©ãƒ“ã‚¢ãƒ³,,Daaree Arabian,,,,,,Darley Arabian (Main).png,,,,,,,,,165,,,,,,[[Naomi Shindo]],Darley Arabian (Icon).png,d84556,ddaa4d,IRL:Darley Arabian,,,,
Etsuko_Otonashi,9003,ä¹™åå²æ‚¦å­,ãŠã¨ãªã—ãˆã¤ã“,Otonashi Etsuko,,,,,,Etsuko Otonashi (Main).png,,,,,,,,,168,,,,,,[[Emiri Suyama]],Etsuko Otonashi (Icon).png,4575bf,986d64,,,,,
Godolphin_Barb,9041,ã‚´ãƒ‰ãƒ«ãƒ•ã‚£ãƒ³ãƒãƒ«ãƒ–,Godorufin Barubu,,,,,,,Godolphin Barb (Main).png,,,,,,,,,160,,,,,,[[Satomi Sato]],Godolphin Barb (Icon).png,3381d8,20c8cf,,,,,
Haiseiko,9048,ãƒã‚¤ã‚»ã‚¤ã‚³ãƒ¼,,Haiseikoo,,,,,,Haiseiko (Main).png,,,,"æ€ªç‰©ãƒãƒ£ãƒ³ (Kaibutsu-chan, Monster-chan)",2021-03-06,,,,167,,,,,,[[Sakura Tange]],Haiseiko (Icon).png,c23c94,e3f5ff,IRL:Haiseiko,,,,
Happy_Meek,2001,ãƒãƒƒãƒ”ãƒ¼ãƒŸãƒ¼ã‚¯,,Happii Miiku,å¿«æ¨‚æº«é †,å¿«ä¹ç±³å¯,,,,Happy Meek (Main).png,,,,,,,,,163,,,,ç§ (Watashi),ãƒˆãƒ¬ãƒ¼ãƒŠãƒ¼ (Trainer),[[Miyu Yoshizaki]],Happy Meek (Icon).png,729cdb,b8b2b9,IRL:Happy Meek,,Party Dash:Happy Meek,,
Junko_Hosoe,,ç´°æ±Ÿç´”å­,ã»ããˆ ã˜ã‚…ã‚“ã“,Hosoe Junko,,,,,,Junko Hosoe (Main).png,,,,,,,,,,,,,,,[[IRL:Junko Hosoe|Junko Hosoe]],Junko Hosoe (Icon).png,485cc7,d8ceda,IRL:Junko Hosoe,,,,
Light_Hello,9008,ãƒ©ã‚¤ãƒˆãƒãƒ­ãƒ¼,,Raito Haroo,,,,,,Light Hello (Main).png,,,,ãƒãƒ­ãƒ¼ (Hello),,,,,157,,,,ç§ (Watashi),ãƒˆãƒ¬ãƒ¼ãƒŠãƒ¼ã•ã‚“ (Trainer-san),[[Kana Ueda]],Light Hello (Icon).png,f482a2,92ddcd,,,,,
Little_Cocon,2003,ãƒªãƒˆãƒ«ã‚³ã‚³ãƒ³,,Ritoru Kokon,,,,,,Little Cocon (Main).png,Little_Cocon_(Race).png,,,ã‚³ã‚³ãƒ³ (Cocon),,,,,154,,,,ã‚¢ã‚¿ã‚· (Atashi),,[[Saho Shirasu]],Little Cocon (Icon).png,6973ab,61c9f5,,,,,
Mei_Satake,9043,ä½å²³ãƒ¡ã‚¤,,Satake Mei,ä½å²³é³´.,,,,,Mei Satake (Main).png,,,,,,,,,141,,,,,,[[Yui Horie]],Mei Satake (Icon).png,e4ac34,5e4b3c,,,,,
Misato_Akasaka,,èµ¤å‚ç¾è¡,,,,,,,,Misato Akasaka (Main).png,,,,,,,,,,,,,,,[[Satomi Akesaka]],Misato Akasaka (Icon).png,2a8e6e,d75938,,,,,
Montjeu,,ãƒ¢ãƒ³ã‚¸ãƒ¥ãƒ¼,,Monjuu,æœ›æ—,,,,,Montjeu_(Main).webp,,,,,,,,,,,,,,,[[Arisa Sakuraba]],Montjeu (Icon).png,354796,D12835,IRL:Montjeu,,,,
Rigantona,2006,ãƒªã‚¬ãƒ³ãƒˆãƒ¼ãƒŠ,,Rigantoona,,,,,,Rigantona (Main).png,,,,,,,,,170,,,,ãƒ¯ã‚¿ã‚· (Watashi),ã‚¢ãƒŠã‚¿ (Anata),[[Aira Iryo]],Rigantona (Icon).png,da6642,755151,,,,,
Riko_Kashimoto,9006,æ¨«æœ¬ç†å­,ã‹ã—ã‚‚ã¨ã‚Šã“,Kashimoto Riko,,,,,,Riko Kashimoto (Main).png,,,,,,,,,166,,,,,,[[Romi Park]],Riko Kashimoto (Icon).png,54498c,8b9096,,,,,
Ryoka_Tsurugi,9044,éƒ½ç•™å²æ¶¼èŠ±,ã¤ã‚‹ãã‚Šã‚‡ã†ã‹,Tsurugi Ryouka,,,,,,Ryoka Tsurugi (Main).png,,,,,September 30,,,,160,,,,,,[[Rina Sato]],Ryoka Tsurugi (Icon).png,b26fbd,ffad93,,,,,
Saint_Lite,9046,ã‚»ãƒ³ãƒˆãƒ©ã‚¤ãƒˆ,,Sento Raito,,,,,,Saint Lite (Main).png,,,,,2021-04-02,,,,158,,,,,,[[Mamiko Noto]],Saint Lite (Icon).png,5bb1de,ebc6ac,,,,,
Sasami_Anshinzawa,9005,å®‰å¿ƒæ²¢åˆºã€…ç¾,,,,,,,,Sasami Anshinzawa (Main).png,,,,,,,,,173,,,,,,äº•ä¸Šå–œä¹…å­ ([[wikipedia:Kikuko_Inoue|Kikuko Inoue]]),Sasami Anshinzawa (Icon).png,df4945,c3cacd,,,,,
Sonon_Elfie,2007,ã‚½ãƒãƒ³ã‚¨ãƒ«ãƒ•ã‚£ãƒ¼,,Sonon Erufii,,,,,,Sonon Elfie (Main).png,,,,,,,,,175,,,,,,[[Ami Koshimizu]],Sonon Elfie (Icon).png,f07736,ffa6d1,IRL:Osumi Eleven,,,,
Speed_Symboli,9047,ã‚¹ãƒ”ãƒ¼ãƒ‰ã‚·ãƒ³ãƒœãƒª,,Supiido Shinbori,,,,,,Speed Symboli (Main).png,,,,"ã‚¹ãƒ¼ã•ã‚“ (Su-san, by Symboli Rudolf)",2021-05-03,,,,170,,,,"Watashi (ç§), Ore (ä¿º)",,[[Miyuki Sawashiro]],Speed Symboli (Icon).png,10a546,e3e3e3,IRL:Speed Symboli,,,,
ST-2,,ST-2,ã‚µãƒ†ã‚£,sati,,,,,,ST-2 v3.png,,St-2 v1.png,,,,,,,157,,,,,,,ST-2 (Icon).png,74EDCE,072AB0,,,,,
Sugar_Lights,9045,ã‚·ãƒ¥ã‚¬ãƒ¼ãƒ©ã‚¤ãƒ„,,Shugaa Raitsu,,,,,,Sugar Lights (Main).png,,,,,,,,,157,,,,,,[[Yui Ishikawa]],Sugar Lights (Icon).png,5cc0ad,c85382,,,,,
Tazuna_Hayakawa,9001,é§¿å·ãŸã¥ãª,,Hayakawa Tazuna,,éªå·ç¼°ç»³/éªå·æ‰‹çº²,,,,Tazuna Hayakawa (Main).png,,,,,,,,,166,,,,,,[[Yukiyo Fujii]],Tazuna Hayakawa (Icon).png,44A705,F3CD00,IRL:Tokino Minoru,,,,
Tucker_Bryne,9049,ã‚¿ãƒƒã‚«ãƒ¼ãƒ–ãƒ©ã‚¤ãƒ³,,,,,,,,Tucker Bryne (Main).png,,,,,,,,,168,,,,,,,Tucker Bryne (Icon).png,c4b076,00857d,,,,,
Venus_Paques,2005,ãƒ´ã‚§ãƒ‹ãƒ¥ã‚¹ãƒ‘ãƒ¼ã‚¯,,Venyusu Paaku,é‡‘æ˜Ÿå¾©æ´»ç¯€,é‡‘æ˜Ÿå…¬å›­,,,,Venus Paques (Main).png,,,,,,,,,155,,,,ç§ (Atashi),,æŠ˜åŸæ—¥èœ (Hina Orihara),Venus Paques (Icon).png,215a95,db4977,IRL:Treve,,,,
Yayoi_Akikawa,9002,ç§‹å·ã‚„ã‚ˆã„,ã‚ãã‹ã‚ã‚„ã‚ˆã„,Akikawa Yayoi,,ç§‹å·å¼¥ç”Ÿ,,,,Yayoi Akikawa (Main).png,,,,,0000-03-15,,,,140,,,,,,[[Kaori Mizuhashi]],Yayoi Akikawa (Icon).png,FC8056,D1BDBA,IRL:Northern Taste,,,,
Broye,,ãƒ–ãƒ­ãƒ¯ã‚¤ã‚¨,,Burowaie,,,,,,Broye.png,,,,,,,,,,,,,,,[[wikepedia:Ikezawa_Haruna|Ikezawa Haruna]],Broye(Icon).png,3658c8,b43e54,,,,,anime
Hana_Toujou,,æ±æ¡ ãƒãƒŠ,,Toujou Hana,,,,,,Hanatoujou.png,,,,,,,,,,,,,,,[[Megumi Toyoguchi]],Hana Toujou (Icon).png,,,,,,,anime
Kuronuma,,é»’æ²¼,,Kuronuma,,,,,,Kuronuma.png,,,,,,,,,,,,,,,[[wikipedia:ja:é»’ç”°å´‡çŸ¢|é»’ç”°å´‡çŸ¢]](Takaya Kuroda),Kuronuma icon.jpg,eeedf5,e2b24e,,,,,anime
Mai,,ãƒ¡ã‚¤,,Mei,,,,,,Mai (Main).jpg,,,,,,,,,,,,,,,[[wikipedia:ja:ä»è¦‹ç´—ç¶¾|ä»è¦‹ç´—ç¶¾]](Saya Hitomi),Mai (Icon).png,6ac43c,e6d734,,,,,anime
Minamizaka,,å—å‚,ã¿ãªã¿ã–ã‹,Minamizaka,,,,,,Minamizaka.png,,,,,,,,,,,,,,,[[wikipedia:ja:å¤å· æ…|å¤å· æ…]] ([[wikipedia:Makoto Furukawa|Makoto Furukawa]]),Minamizaka (Icon).png,dadfe8,eef3f4,,,,,anime
Nana_Izumoto,,æ³‰æœ¬å¥ˆã€…,,,,,,,,Img main11.png,,,,,,,,,,,,,,,[[wikipedia:ja:æœ¬æ³‰è‰å¥ˆ |æœ¬æ³‰è‰å¥ˆ ]]([[wikipedia:Rina Honnizumi|Rina Honnizumi]]),Nana Izumoto (Icon).png,6ac43c,e6d734,,,,,anime
Perry_Steam,,ãƒšãƒªãƒ¼ã‚¹ãƒãƒ¼ãƒ ,,,,,,,,Perry Steam.png,,,,,,,,,,,,,,,[[wikipedia:ja:æ£®ãªãªå­|æ£®ãªãªå­]](Nanako Mori),Perrysteam icon.png,,,,,,,anime
Satono's_Trainer,,ã‚µãƒˆãƒã®ãƒˆãƒ¬ãƒ¼ãƒŠãƒ¼,,Satono no Toreenaa,,,,,,Satono's Trainer.jpg,,,,,,,,,,,,,,,[[wikipedia:ja:é•·è°·å· æ˜å­|é•·è°·å· æ˜å­]](Akiko Hasegawa),Satono's Trainer (Icon).jpg,21713A,dadfe8,,,,,anime
Shima,,ã‚·ãƒ,,shima,,,,,,Shima (Main).jpg,,,,,,,,,,,,,,,[[wikipedia:ja:ä¼Šé§’ã‚†ã‚Šãˆ|ä¼Šé§’ã‚†ã‚Šãˆ]](Yurie Igoma),Shima (Icon).png,6ac43c,e6d734,,,,,anime
Sun_Visor,,ã‚µãƒ³ãƒã‚¤ã‚¶ãƒ¼,,San Baizaa,,,,,,Sunvisor.png,,,,,,,,,,,,,,,[[wikipedia:ja:é‡˜å®®ç†æµ|é‡˜å®®ç†æµ]] [[wikipedia:en:Rie Kugimiya|Rie Kugimiya]],Sunvisor_icon.png,,,,,,,anime
Trainer,,ãƒˆãƒ¬ãƒ¼ãƒŠãƒ¼,,Toreenaa,,,,,,Trainer (Main).png,,,,,,,,,180,,,,,,[[Koji Okino]],Trainer (Icon).png,dadfe8,f3d971,,,,,anime
Trainer_Okita,,æ²–ç”°ãƒˆãƒ¬ãƒ¼ãƒŠãƒ¼,ãŠããŸã¨ã‚Œãƒ¼ãªãƒ¼,okita toreenaa,,,,,,Trainer Okita (Main).png,,,,,,,,,,,,,,,[[wikipedia:ja:åœŸç”°å¤§|åœŸç”°å¤§]] ([[wikipedia:Hiroshi Tsuchida|Hiroshi Tsuchida]]),Trainer Okita (Icon).png,aaa,ccc,,,,,anime
Trainer_Tanabe,,ã‚¿ãƒŠãƒ™ãƒˆãƒ¬ãƒ¼ãƒŠãƒ¼,,Tanabe Toreenaa,,,,,,Img main09.png,,,,,,,,,,,,,,,[[wikipedia:ja:ç·’æ–¹è³¢ä¸€|ç·’æ–¹è³¢ä¸€]]([[wikipedia:Kenichi_Ogata_(voice_actor)|Kenichi Ogata]]),Trainer Tanabe (Icon).png,6ac43c,e6d734,,,,,anime
Akitsu_Teio,,ã‚¢ã‚­ãƒ„ãƒ†ã‚¤ã‚ªãƒ¼,,akitsu teioo,,,,,,Akitsu Teio (Main).png,,,,,,,,,165,,,,,,,Akitsu Teio (Icon).png,3A7AD2,ECE7E7,IRL:Nippo Teio,,,,cinderellagray
Belno_Light,,ãƒ™ãƒ«ãƒãƒ©ã‚¤ãƒˆ,,beruno raito,,,,,,Berno Light (Main).png,,,,,May 22,,,,146,B89 W53 H77,,,,,[[wikipedia:ja:ç€¬æˆ¸æ¡ƒå­|ç€¬æˆ¸æ¡ƒå­]](Momoko Seto),Berno Light (Icon).png,3A7AD2,ECE7E7,,,,,cinderellagray
Bethe_Sugar,,ãƒ™ãƒ¼ãƒ†ã‚·ãƒ¥ã‚¬ãƒ¼,,beete shugaa,,,,,,Bethe Sugar (Main).png,,,,,,,,,,,,,,,,Bethe Sugar (Icon).png,3A7AD2,ECE7E7,,,,,cinderellagray
Black_Ale,,ãƒ–ãƒ©ãƒƒã‚­ãƒ¼ã‚¨ãƒ¼ãƒ«,,burakkii eeru,,,,,,Blacky Yell (Main).png,,,,,April 25,,,,172,,,,,,,Blacky Yell (Icon).png,3A7AD2,ECE7E7,,,,,cinderellagray
Bright_Rock,,ãƒ–ãƒ©ã‚¤ãƒˆãƒ­ãƒƒã‚¯,,buraito rokku,,,,,,Bright Rock (Main).png,,,,,,,,,,,,,,,,Bright Rock (Icon).png,3A7AD2,ECE7E7,IRL:White Stone,,,,cinderellagray
Carrie's_Room,,ã‚­ãƒ£ãƒªãƒ¼ã‚ºãƒ«ãƒ¼ãƒ ,,kyariizu ruumu,,,,,,Carrie's Room (Main).png,,,,,,,,,,,,,,,,Carrie's Room (Icon).png,3A7AD2,ECE7E7,IRL:Carroll House,,,,cinderellagray
Clarizza,,ã‚¯ãƒ©ãƒªãƒƒã‚¶,,kurarizza,,,,,,Clarizza (Main).png,,,,,,,,,,,,,,,,Clarizza (Icon).png,3A7AD2,ECE7E7,,,,,cinderellagray
Dicta_Striker,,ãƒ‡ã‚£ã‚¯ã‚¿ã‚¹ãƒˆãƒ©ã‚¤ã‚«ãƒ¼,,dikuta sutoraikaa,,,,,,Dicta Striker (Main).png,,,,,,,,,,,,,ã‚ªãƒ¬ (Ore),,,Dicta Striker (Icon).png,3A7AD2,ECE7E7,IRL:Soccer Boy,,,,cinderellagray
Dynamu_Heroine,,,ãƒ€ã‚¤ãƒŠãƒ ãƒ’ãƒ­ã‚¤ãƒ³,dainamu hiroin,,,,,,Dynamu Heroine (Main).png,,,,,,,,,,,,,,,,Dynamu Heroine (Icon).png,3A7AD2,ECE7E7,IRL:Dyna Actress,,,,cinderellagray
Dynamu_Painter,,ãƒ€ã‚¤ãƒŠãƒ ãƒšã‚¤ãƒ³ã‚¿ãƒ¼,,dainamu peintaa,,,,,,Dynamu Painter (Main).png,,,,,,,,,,,,,,,,Dynamu Painter (Icon).png,3A7AD2,ECE7E7,,,,,cinderellagray
Ellerslie_Pride,,ã‚¨ãƒ©ã‚ºãƒªãƒ¼ãƒ—ãƒ©ã‚¤ãƒ‰,,erazurii puraido,,,,,,Ellerslie Pride (Main).png,,,,,,,,,,,,,,,,Ellerslie Pride (Icon).png,3A7AD2,ECE7E7,,,,,cinderellagray
Eve_Binti,,ã‚¤ãƒ–ãƒ“ãƒ³ãƒ†ã‚£,,ibu binti,,,,,,Eve Binti (Main).png,,,,,,,,,,,,,,,,Eve Binti (Icon).png,3A7AD2,ECE7E7,,,,,cinderellagray
Faith_No_More,,ãƒ•ã‚§ã‚¤ã‚¹ãƒãƒ¼ãƒ¢ã‚¢,,feisu noo moa,,,,,,Faith No More (Main).png,,,,,,,,,,,,,,,,Faith No More (Icon).png,3A7AD2,ECE7E7,IRL:Fate Northern,,,,cinderellagray
Folkqueen,,ãƒ•ã‚©ãƒ¼ã‚¯ã‚¤ãƒ³,,Fookuin,,,,,,Folkqueen (Main).png,,,,,0000-10-07,,,,150,,,,,,,Folkqueen (Icon).png,3A7AD2,ECE7E7,,,,,cinderellagray
Fujimasa_March,,ãƒ•ã‚¸ãƒã‚µãƒãƒ¼ãƒ,,fujimasa maachi,,,,,,Fujimasa March (Main).png,,,,,April 5,,,,170,,,,,,[[wikipedia:ja:ä¼Šç€¬èŒ‰è‰ä¹Ÿ|ä¼Šç€¬èŒ‰è‰ä¹Ÿ]]([[wikipedia:Mariya Ise|Mariya Ise]]),Fujimasa March (Icon).png,3A7AD2,ECE7E7,,,,,cinderellagray
Fumino_Nase,,å¥ˆç€¬æ–‡ä¹ƒ,ãªã›ãµã¿ã®,fumino nase,,,,,,Fumino Nase (Main).png,,,,,,,,,,,,,,,,Fumino Nase (Icon).png,3A7AD2,ECE7E7,,,,,cinderellagray
Fuyuno_Nakasumi,,ãƒ•ãƒ¦ãƒãƒŠã‚«ã‚¹ãƒŸ,,fuyuno nakasumi,,,,,,Fuyuno Nakasumi (Main).png,,,,,,,,,,,,,,,,Fuyuno Nakasumi (Icon).png,3A7AD2,ECE7E7,,,,,cinderellagray
Ginjirou_Musaka,,å…­å¹³éŠ€æ¬¡éƒ,ã‚€ã‹ã• ãã‚“ã˜ã‚ã†,Musaka Ginjirou,,,,,,Ginjirou Musaka (Main).png,,,,,,,,,,,,,,,,Ginjirou Musaka (Icon).png,3A7AD2,ECE7E7,,,,,cinderellagray
God_Hannibal,,ã‚´ãƒƒãƒ‰ãƒãƒ³ãƒ‹ãƒãƒ«,,goddo hannibaru,,,,,,God Hannibal (Main).png,,,,,,,,,175,,,,,,,God Hannibal (Icon).png,3A7AD2,ECE7E7,,,,,cinderellagray
Hidehito_Nase,,å¥ˆç€¬è‹±äºº,ãªã›ã²ã§ã²ã¨,hidehito nase,,,,,,Hidehito Nase (Main).png,,,,,,,,,,,,,,,,Hidehito Nase (Icon).png,3A7AD2,ECE7E7,,,,,cinderellagray
Hiyori_Kawamura,,å·æ‘æ—¥å’Œ,ã‹ã‚ã‚€ã‚‰ã²ã‚ˆã‚Š,kawamura hiyori,,,,,,Hiyori Kawamura (Main).png,,,,,,,,,,,,,,,,Hiyori Kawamura (Icon).png,3A7AD2,ECE7E7,,,,,cinderellagray
Jo_Kitahara,,åŒ—åŸç©£,ããŸã¯ã‚‰ã˜ã‚‡ã†,kitahara jou,,,,,,Jou Kitahara (Main).png,,,,,,,,,,,,,,,[[wikipedia:ja:å°è¥¿å…‹å¹¸|å°è¥¿å…‹å¹¸]]([[wikipedia:Katsuyuki Konishi|Katsuyuki Konishi]]),Jou Kitahara (Icon).png,3A7AD2,ECE7E7,,,,,cinderellagray
Joy_Maker,,ã‚¸ãƒ§ã‚¤ãƒ¡ãƒ¼ã‚«ãƒ¼,,joi meekaa,,,,,,Joy Maker (Main).png,,,,,,,,,,,,,,,,Joy Maker (Icon).png,3A7AD2,ECE7E7,,,,,cinderellagray
Kraft_Univer,,ã‚¯ãƒ©ãƒ•ãƒˆãƒ¦ãƒ‹ãƒ´ã‚¡,,kurafuto yuniva,,,,,,Kraft Univer Uniform No BG.png,Kraft Univa (Main).png,,,Univer,,High School,,,158,,,,ç§ (Watashi),,[[wikipedia:Takako_Tanaka|ç”°ä¸­ è²´å­(Takako Tanaka)]],Kraft Univer Icon White BG.png,3A7AD2,ECE7E7,,,,,cinderellagray
Long_Live_Free,,ãƒ­ãƒ³ã‚°ãƒªãƒ´ãƒ•ãƒªãƒ¼,,rongu rivu furii,,,,,,Long Live Free (Main).png,,,,,,,,,,,,,,,,Long Live Free (Icon).png,3A7AD2,ECE7E7,,,,,cinderellagray
Luna_Swallow,,ãƒ«ãƒŠã‚¹ãƒ¯ãƒ­ãƒ¼,,runa suwarÅ,,,,,,Luna Swallow (Main).png,,,,,,,,,,,,,,,[[Hina Natsume]],Luna Swallow (Icon).png,3A7AD2,ECE7E7,IRL:Sunny Swallow,,,,cinderellagray
Masami_Komiyama,,å°å®®å±±å‹ç¾,ã“ã¿ã‚„ã¾ã¾ã•ã¿,komiyama masami,,,,,,Masami Komiyama (Main).png,,,,,,,,,,,,,,,,Masami Komiyama (Icon).png,3A7AD2,ECE7E7,,,,,cinderellagray
Meikun_Tsukasa,,ãƒ¡ã‚¤ã‚¯ãƒ³ãƒ„ã‚«ã‚µ,,meikun tsukasa,,,,,,Meikun Tsukasa (Main).png,,,,,,,,,165,,,,,,,Meikun Tsukasa (Icon).png,3A7AD2,ECE7E7,,,,,cinderellagray
Merry_Beauty,,ãƒ¡ãƒªãƒ¼ãƒ“ãƒ¥ãƒ¼ãƒ†ã‚£ãƒ¼,,merii byuutii,,,,,,Merry Beauty (Main).png,,,,,,,,,,,,,,,,Merry Beauty (Icon).png,3A7AD2,ECE7E7,IRL:Merry Nice,,,,cinderellagray
Meteor_Selenus,,ãƒ¡ãƒ†ã‚ªã‚»ãƒ¬ãƒŠã‚¹,,meteo serenasu,,,,,,Meteor Selenus (Main).png,,,,,,,,,,,,,,,,Meteor Selenus (Icon).png,3A7AD2,ECE7E7,,,,,cinderellagray
Michelle_My_Baby,,ãƒŸã‚·ã‚§ãƒ«ãƒã‚¤ãƒ™ã‚¤ãƒ“ãƒ¼,,misheru mai beibii,,,,,,Michelle My Baby (Main).jpg,,,,,,,,,195,,,,,,,Michelle My Baby (Icon).png,3A7AD2,ECE7E7,,,,,cinderellagray
Mill_Wakaba,,ãƒŸãƒ«ãƒ¯ã‚«ãƒ,,miru wakaba,,,,,,Mill Wakaba design.jpg,,,,,,,,,,,,,,,,Mill Wakaba (Icon).png,3A7AD2,ECE7E7,IRL:Osaichi George,,,,cinderellagray
Mini_the_Lady,,ãƒŸãƒ‹ãƒ¼ã‚¶ãƒ¬ãƒ‡ã‚£,,minii za redii,,,,,,Mini the Lady (Main).png,,,,,,,,,,,,,,,,Mini the Lady (Icon).png,3A7AD2,ECE7E7,,,,,cinderellagray
Miss_Armagnac,,ãƒŸã‚¹ã‚¢ãƒ«ãƒãƒ‹ãƒ£ãƒƒã‚¯,,misu arumanyakku,,,,,,Miss Armagnac (Main).png,,,,,,,,,,,,,,,,Miss Armagnac (Icon).png,3A7AD2,ECE7E7,,,,,cinderellagray
Moonlight_Lunacy,,ãƒ ãƒ¼ãƒ³ãƒ©ã‚¤ãƒˆãƒ«ãƒŠã‚·ãƒ¼,,muunraito runashii,,,,,,Moonlight Lunacy (Main).png,,,,,,,,,,,,,,,,Moonlight Lunacy (Icon).png,3A7AD2,ECE7E7,,,,,cinderellagray
Norn_Ace,,ãƒãƒ«ãƒ³ã‚¨ãƒ¼ã‚¹,,norun eesu,,,,,,Norn Ace (Main).png,,,,ãƒãƒ«ãƒ³ (Norn),May 10,,,Oguri Cap,167,,,,"ã‚ãƒ¼ã—ã€ç§ (Aashi, Watashi)",,[[Ayano Shibuya]],Norn Ace (Icon).png,3A7AD2,ECE7E7,IRL:Ace Brown,,,,cinderellagray
Obey_Your_Master,,ã‚ªãƒ™ã‚¤ãƒ¦ã‚¢ãƒã‚¹ã‚¿ãƒ¼,,obei yua masutaa,,,,,,Obey Your Master (Main).png,,,,,,,,,182,,,,,,,Obey Your Master (Icon).png,3A7AD2,ECE7E7,,,,,cinderellagray
Okan_Maker,,ã‚ªãƒ¼ã‚«ãƒ³ãƒ¡ãƒ¼ã‚«ãƒ¼,,ookan meekaa,,,,,,Okan Maker (Main).png,,,,,,,,,,,,,,,,Okan Maker (Icon).png,3A7AD2,ECE7E7,,,,,cinderellagray
Road_Royal,,ãƒ­ãƒ¼ãƒ‰ãƒ­ã‚¤ãƒ¤ãƒ«,,roodo roiyaru,,,,,,Road Royal (Main).png,,,,,,,,,,,,,,,,Road Royal (Icon).png,3A7AD2,ECE7E7,IRL:Legend Teio,,,,cinderellagray
Romance_Bubbly,,ãƒ­ãƒãƒ³ã‚¹ãƒãƒ–ãƒªãƒ¼,,romansu baburii,,,,,,Romance Bubbly (Main).png,,,,,,,,,,,,,,,,Romance Bubbly (Icon).png,3A7AD2,ECE7E7,,,,,cinderellagray
Royal_Cherry,,ãƒ­ã‚¤ãƒ¤ãƒ«ãƒã‚§ãƒªãƒ¼,,roiyaru cherii,,,,,,Royal Cherry (Main).png,,,,,,,,,,,,,,,,Royal Cherry (Icon).png,3A7AD2,ECE7E7,,,,,cinderellagray
Rudy_Lemono,,ãƒ«ãƒ‡ã‚£ãƒ¬ãƒ¢ãƒ¼ãƒ,,rudi remoono,,,,,,Rudy Lemono (Main).png,,,,,,,,,,,,,,,,Rudy Lemono (Icon).png,3A7AD2,ECE7E7,,,,,cinderellagray
Run_to_the_Top,,ãƒ©ãƒ³ãƒˆã‚¥ã‚¶ãƒˆãƒƒãƒ—,,ran tu za toppu,,,,,,Run to the Top (Main).png,,,,,,,,,,,,,,,,Run to the Top (Icon).png,3A7AD2,ECE7E7,,,,,cinderellagray
Satias,,ã‚µãƒ†ã‚£ã‚¢ã‚¹,,satiasu,,,,,,Satias (Main).png,,,,,,,,,,,,,,,,Satias (Icon).png,3A7AD2,ECE7E7,IRL:Assatis,,,,cinderellagray
School_Road,,ã‚¹ã‚¯ãƒ¼ãƒ«ãƒ­ãƒ¼ãƒ‰,,sukuuru roodo,,,,,,School Road (Main).png,,,,,,,,,,,,,,,,School Road (Icon).png,3A7AD2,ECE7E7,,,,,cinderellagray
Sekai_Touha,,ã‚»ã‚«ã‚¤ãƒˆãƒ¼ãƒãƒ¼,,sekai toohaa,,,,,,Sekai Touha (Main).png,,,,,,,,,,,,,,,,Sekai Touha (Icon).png,3A7AD2,ECE7E7,,,,,cinderellagray
Sensuke_Fujii,,è—¤äº•æ³‰åŠ©,ãµã˜ã„ã›ã‚“ã™ã‘,fujii sensuke,,,,,,Fujii Sensuke (Main).png,,,,,March 28,,,,177,,,,,,,Fujii Sensuke (Icon).png,3A7AD2,ECE7E7,,,,,cinderellagray
Shirley_Sky,,ã‚·ãƒ£ãƒ¼ãƒªãƒ¼ã‚¹ã‚«ã‚¤,,shaarii sukai,,,,,,Shirley Sky (Main).png,,,,,,,,,,,,,,,,Shirley Sky (Icon).png,3A7AD2,ECE7E7,,,,,cinderellagray
South_Heroine,,ã‚µã‚¦ã‚¹ãƒ’ãƒ­ã‚¤ãƒ³,,sausu hiroin,,,,,,South Heroine (Main).png,,,,,,,,,,,,,,,,South Heroine (Icon).png,3A7AD2,ECE7E7,,,,,cinderellagray
Thief_Crow,,ã‚·ãƒ¼ãƒ•ã‚¯ãƒ­ãƒ¼,,shiifu kuroo,,,,,,Thief Crow (Main).png,,,,,,,,,,,,,ç§æ§˜ (Watashi-sama),,,Thief Crow (Icon).png,3A7AD2,ECE7E7,,,,,cinderellagray
Tony_Bianca,,ãƒˆãƒ‹ãƒ“ã‚¢ãƒ³ã‚«,,toni bianka,,,,,,Tony Bianca (Main).jpg,,,,,,,,,178,,,,,,,Tony Bianca (Icon).png,3A7AD2,ECE7E7,,,,,cinderellagray
Top_Shunbetsu,,ãƒˆãƒƒãƒ—ã‚·ãƒ¥ãƒ³ãƒ™ãƒ„,,toppu shunbetsu,,,,,,Top Shunbetsu (Main).png,,,,,,,,,165,,,,,,,Top Shunbetsu (Icon).png,3A7AD2,ECE7E7,,,,,cinderellagray
Ultra_Ichiban,,ã‚¦ãƒ«ãƒˆãƒ©ã‚¤ãƒãƒãƒ³,,urutora ichiban,,,,,,Ultra Ichiban (Main).png,,,,,,,,,,,,,,,,Ultra Ichiban (Icon).png,3A7AD2,ECE7E7,,,,,cinderellagray
Walk_Dancer,,ã‚¦ã‚©ãƒ¼ã‚¯ãƒ€ãƒ³ã‚µãƒ¼,,uooku dansaa,,,,,,Walk Dancer (Main).png,,,,,,,,,,,,,,,,Walk Dancer (Icon).png,3A7AD2,ECE7E7,,,,,cinderellagray
Yamano_Southern,,ãƒ¤ãƒãƒã‚µã‚¦ã‚¶ãƒ³,,yamano sauzan,,,,,,Yamano Southern (Main).png,,,,,,,,,,,,,,,,Yamano Southern (Icon).png,3A7AD2,ECE7E7,,,,,cinderellagray
Amagi_Happiness,,ã‚¢ãƒã‚®ãƒãƒ”ãƒã‚¹,,Amagi Hapinesu,,,,,,Amagi Happiness (Main).png,,,,,,,,,,,,,,,,Amagi Happiness (Icon).png,E7447D,fecdc9,,,,,starblossom
Gorou_Akeishi,,æ˜çŸ³æ¢§éƒ,,Akeishi Gorou,,,,,,Gorou Akeishi (Main).png,,,,,,,,,,,,,,,,Gorou Akeishi (Icon).png,E7447D,fecdc9,,,,,starblossom
Snow_in_Hazard,,ã‚¹ãƒã‚¦ã‚¤ãƒ³ãƒã‚¶ãƒ¼ãƒ‰,,Sunouin HazÄdo,,,,,,Snow in Hazard (Main).png,,,,,,,,,,,,,,,,Snow in Hazard (Icon).png,E7447D,fecdc9,,,,,starblossom
Sugar_Nation,,ã‚·ãƒ¥ã‚¬ãƒ¼ãƒã‚¤ã‚·ãƒ§ãƒ³,,Shugaa Neishon,,,,,,Sugar Nation (Main).png,,,,,,,,,,,,,,,,Sugar Nation (Icon).png,E7447D,fecdc9,,,,,starblossom
Sundance_Blaze,,ã‚µãƒ³ãƒ€ãƒ³ã‚¹ãƒ–ãƒ¬ã‚¤ã‚º,,Sandansu Bureizu,,,,,,Sundance Blaze (Main).png,,,,,,,,,,,,,,,,Sundance Blaze (Icon).png,E7447D,fecdc9,,,,,starblossom
Tsubaki_Akeishi,,æ˜çŸ³æ¤¿,ã‚ã‘ã„ã—ã¤ã°ã,akeishi tsubaki,,,,,,Tsubaki Akeishi (Main).png,,,,,,,,,,,,,,,,Tsubaki Akeishi (Icon).jpg,E7447D,fecdc9,,,,,starblossom
Yoshino_Prevail,,ãƒ¨ã‚·ãƒãƒ—ãƒªãƒ´ã‚§ãƒ¼ãƒ«,,Yoshino PurivÄ“ru,,,,,,Yoshino Prevail (Main).png,,,,,,,,,,,,,,,,Yoshino Prevail (Icon).png,E7447D,fecdc9,,,,,starblossom
